time,valueA,valueB,valueC
1,134,48,40
2,55,50,28
3,5,53.33333333,12.66666666
4,31,50,29
5,194,60,40
6,25,50,29
7,47,50,18.66666666
8,0,30,7
9,5,40,13.5
10,91,50,22.66666666
11,49,53.33333333,32.5
12,34,50,25
13,0,30,6.666666666
14,64,50,22
15,20,45,19
16,248,52.5,41.66666666
17,13,52.5,18.66666666
18,54,50,18
19,71,50,17
20,37,60,23.33333333
21,21,30,10
22,77,60,25.33333333
23,32,30,8.666666666
24,6,40,11
25,6,36.66666666,11
26,108,60,46.66666666
27,66,50,20.5
28,11,50,25
29,134,60,30
30,34,50,18
31,48,56,30
32,33,52.5,16.66666666
33,38,53.33333333,22
34,42,55,18
35,50,60,19.33333333
36,25,50,18
37,37,60,22
38,3,30,11.5
39,164,60,30
40,29,50,21
41,6,30,12
42,32,60,18
43,17,30,10.5
44,143,60,35
45,101,47.5,25.33333333
46,34,60,18
47,14,60,21
48,7,53.33333333,10
49,2,60,12
50,30,50,22
51,3,40,11.5
52,149,60,40
53,49,60,24.66666666
54,62,52.5,13.33333333
55,0,40,12
56,16,50,22
57,12,50,21
58,11,60,12
59,70,60,19.33333333
60,8,30,9
61,18,60,21.33333333
62,13,60,10
63,20,50,25
64,52,50,14
65,32,60,26
66,28,60,26
67,4,30,7
68,153,60,35
69,116,60,45
70,180,60,32.5
71,33,45,21.33333333
72,90,60,43.66666666
73,3,60,9
74,63,53.33333333,21.33333333
75,29,60,26
76,43,53.33333333,20.66666666
77,6,60,9
78,12,50,7
79,47,50,17.33333333
80,18,60,21.33333333
81,107,60,40
82,20,60,21.33333333
83,41,60,23.33333333
84,55,50,14.66666666
85,20,60,18
86,10,50,8
87,37,60,24.33333333
88,75,60,16.66666666
89,22,50,20
90,173,60,40
91,45,60,21
92,32,60,17.66666666
93,81,60,24.66666666
94,18,60,21.33333333
95,12,60,12
96,36,60,18
97,18,60,7
98,5,50,12
99,2,40,15
100,4,30,12
101,45,45,20.66666666
102,22,50,31
103,47,60,22.66666666
104,24,60,21
105,127,60,37.5
106,5,37.5,11.33333333
107,3,30,7.333333333
108,100,60,37.5
109,124,55,25
110,34,60,21.33333333
111,25,60,18.5
112,32,60,18.5
113,70,60,16.33333333
114,15,50,23
115,33,55,16.33333333
116,8,37.5,9
117,62,52.5,17.66666666
118,4,30,6
119,19,60,12
120,64,55,27.5
121,1,30,8
122,93,60,35
123,15,60,16.33333333
124,0,30,6
125,42,60,24.66666666
126,80,60,32.5
127,113,60,35.25
128,63,60,24.66666666
129,11,50,19
130,6,50,9
131,16,60,16.33333333
132,47,50,17.33333333
133,10,40,17.33333333
134,37,60,21.33333333
135,24,45,14.33333333
136,8,50,18.66666666
137,11,60,21
138,17,50,16.33333333
139,11,50,17.5
140,10,45,12.33333333
141,168,60,45
142,4,30,11
143,40,60,21.33333333
144,52,50,15.33333333
145,31,52.5,17.33333333
146,76,60,30
147,10,60,12
148,3,30,9
149,27,60,24.66666666
150,84,50,20.66666666
151,108,47.5,30
152,0,30,11
153,1,45,9
154,3,60,12
155,9,60,21.33333333
156,72,50,21.33333333
157,27,52.5,20.66666666
158,13,40,13
159,17,50,23
160,33,50,17.33333333
161,99,60,40
162,15,60,12
163,24,50,15.33333333
164,32,60,18.5
165,34,60,24.66666666
166,7,30,6
167,109,60,38.33333333
168,5,60,8
169,1,30,11
170,30,30,17.5
171,8,30,13
172,1,60,12
173,14,30,8
174,21,60,23
175,34,50,29
176,43,50,26
177,39,60,16.33333333
178,15,30,8
179,2,60,12
180,5,50,13.5
181,142,60,37.5
182,22,60,14.5
183,21,60,17.66666666
184,12,60,19.66666666
185,74,60,16.33333333
186,7,50,15
187,21,50,23
188,53,60,40
189,6,60,12
190,10,60,12
191,83,60,37.5
192,42,50,28
193,21,60,25.5
194,20,60,16.5
195,42,60,24.66666666
196,67,52.5,22.5
197,8,60,23.5
198,5,60,15
199,55,66.66666666,40
200,22,50,15.66666666
201,7,50,16.5
202,56,60,12
203,31,50,20.5
204,32,50,13.66666666
205,16,60,11
206,13,50,15.66666666
207,30,50,16.33333333
208,10,50,11.66666666
209,8,52.5,8
210,27,60,21.33333333
211,13,40,20
212,8,60,11
213,71,57.5,32.5
214,62,50,23
215,89,60,35
216,8,60,12
217,73,45,30
218,5,40,20
219,27,40,21.33333333
220,35,50,27.33333333
221,32,60,24.66666666
222,59,60,32.5
223,35,60,19.66666666
224,10,45,18
225,14,60,12
226,58,60,23
227,6,60,8
228,78,60,42.5
229,41,60,12
230,14,60,27.5
231,100,52.5,55
232,63,60,19.66666666
233,37,30,22.5
234,14,60,17
235,22,60,11.5
236,71,60,27.5
237,53,65,45
238,55,50,20
239,12,50,16.33333333
240,69,52.5,24.33333333
241,42,50,27.5
242,31,50,27.33333333
243,12,60,19.66666666
244,113,60,52.5
245,15,50,38
246,94,60,37.5
247,13,43.33333333,20
248,4,30,17.5
249,33,50,31
250,24,60,35
251,9,30,10
252,99,60,60
253,69,52.5,37.5
254,25,52.5,30
255,10,50,27.33333333
256,16,60,24.66666666
257,4,50,28
258,64,57.5,27.66666666
259,15,40,40
260,103,60,45
261,8,52.5,12
262,1,36.66666666,10.5
263,26,50,20.33333333
264,31,45,27.5
265,1,36.66666666,8.5
266,60,50,26.66666666
267,7,46.66666666,13.5
268,2,60,16.66666666
269,73,50,26.66666666
270,94,60,55
271,26,47.5,21.66666666
272,13,46.66666666,15
273,19,60,27.5
274,16,30,17.5
275,86,52.5,55
276,52,66.66666666,42.5
277,3,30,15
278,1,50,45
279,49,52.5,45
280,20,45,33.33333333
281,35,65,50
282,22,55,14
283,3,36.66666666,13
284,5,50,11.5
285,2,50,16
286,7,50,11
287,23,55,22.5
288,9,63.33333333,40
289,25,45,20
290,20,47.5,17
291,85,65,37.5
292,7,36.66666666,17.5
293,9,50,25
294,23,45,18.33333333
295,7,30,15
296,17,52.5,27.5
297,3,30,20
298,10,40,15.5
299,3,30,15
300,12,45,20
301,14,30,12.33333333
302,44,56.66666666,30.5
303,17,50,30
304,12,60,35
305,20,50,20
306,2,30,12.5
307,29,50,22.5
308,31,63.33333333,21
309,131,62.5,30
310,20,52.5,13.5
311,42,60,22.5
312,6,48,12
313,1,30,11.5
314,2,50,11
315,11,50,16.66666666
316,64,52,32.5
317,2,53.33333333,20.5
318,68,70,32.5
319,40,57.5,35
320,1,46.66666666,11
321,9,60,35
322,0,30,10
323,1,36.66666666,11
324,6,30,10
325,16,56.66666666,22.5
326,1,30,11
327,7,50,19
328,8,40,8.5
329,69,52.5,38
330,52,40,20.5
331,24,60,40.66666666
332,72,45,25.75
333,21,50,14.33333333
334,6,46.66666666,16.66666666
335,10,60,14
336,50,37.5,14.5
337,2,30,8.5
338,1,43.33333333,8.5
339,6,50,60
340,12,53.33333333,24
341,1,30,7
342,126,70,36.5
343,17,46.66666666,10.5
344,15,36.66666666,8.75
345,18,46.66666666,18
346,5,46.66666666,11
347,6,45,9
348,40,45,12.13166666
349,30,50,43
350,53,52.5,23
351,68,47.5,20.75
352,20,40,12
353,6,50,10
354,26,47.5,13.66666666
355,18,46.66666666,15
356,16,40,11.5
357,5,45,10.33333333
358,60,47.5,20.5
359,97,30,14
360,5,50,10
361,20,60,20.5
362,7,40,13
363,4,36.66666666,12.5
364,6,36.66666666,19
365,18,43.33333333,12.33333333
366,4,30,11
367,27,50,18
368,123,53.33333333,29.5
369,38,52.5,21
370,17,42.5,16.33333333
371,24,46.66666666,12.33333333
372,31,45,14.66666666
373,31,36.66666666,11.33333333
374,15,46.66666666,16.33333333
375,27,45,12.33333333
376,12,40,11
377,5,50,16.5
378,31,45,15.5
379,58,40,16.5
380,16,45,12.33333333
381,3,56,26
382,46,53.33333333,29.5
383,37,46.66666666,10.66666666
384,174,50,33.5
385,6,30,7
386,61,35,14
387,40,50,36.5
388,60,35,15.5
389,9,53.33333333,9.5
390,41,50,37.5
391,53,33.33333333,12
392,15,50,30
393,83,60,22.33333333
394,85,47.5,32.5
395,6,30,20.5
396,68,45,11.5
397,40,52.5,12
398,7,30,21.5
399,39,45,11.66666666
400,6,43.33333333,12
401,7,60,60
402,120,62.5,50.5
403,44,43.33333333,13
404,63,47.5,32.5
405,5,50,7
406,78,60,23.33333333
407,4,30,15
408,48,55,33
409,12,30,15
410,89,55,35
411,27,43.33333333,11.5
412,47,33.33333333,12
413,12,30,15
414,21,50,21
415,39,42.5,15
416,55,50,32.5
417,15,36.66666666,9
418,69,52.5,45.25
419,23,50,50
420,63,50,31.5
421,81,55,33
422,11,36.66666666,30.5
423,25,32.5,15
424,39,57.5,33
425,1,50,11
426,15,30,10
427,27,33.33333333,10
428,10,50,32
429,14,50,13.5
430,19,56.66666666,20.33333333
431,39,37.5,17.5
432,26,50,23.5
433,5,30,10.66666666
434,7,50,17.5
435,13,33.33333333,15.5
436,1,43.33333333,14
437,30,35,15
438,4,60,12
439,5,47.5,12
440,44,60,14.5
441,33,32.5,14
442,27,50,15.5
443,14,47.5,16
444,81,65,41.5
445,21,47.5,14
446,4,36.66666666,13.5
447,27,40,14.66666666
448,8,46.66666666,19.5
449,30,53.33333333,26
450,32,52.5,17.66666666
451,5,30,15
452,4,30,9.5
453,41,50,23.5
454,39,40,22.5
455,13,36.66666666,26
456,16,30,23
457,7,30,21.5
458,70,45,24
459,11,50,22.5
460,25,47.5,20.33333333
461,3,42.5,10.33333333
462,9,53.33333333,3
463,3,46.66666666,11.5
464,10,60,14.5
465,8,30,14
466,15,50,18
467,23,45,17
468,1,30,11
469,3,32.5,12.66666666
470,35,50,19.33333333
471,2,37.5,9
472,3,43.33333333,12
473,1,50,10.5
474,7,36.66666666,13
475,32,60,12
476,1,60,8.5
477,9,60,51
478,5,53.33333333,4
479,10,46.66666666,12.5
480,38,65,51
481,55,60,21.5
482,17,60,19.66666666
483,29,53.33333333,21.33333333
484,69,65,29.33333333
485,18,37.5,17.66666666
486,0,33.33333333,21
487,19,37.5,18.33333333
488,4,30,19
489,2,33.33333333,21
490,17,50,16.5
491,7,40,19.5
492,4,40,13.5
493,21,55,20
494,22,50,18.433
495,7,30,12
496,56,50,20
497,32,52.5,20
498,11,50,8.5
499,14,30,12
500,2,48,10.66666666
501,38,60,13.66666666
502,19,50,16
503,9,50,19
504,27,50,11.33333333
505,9,50,17.66666666
506,11,50,20
507,42,52.5,18.33333333
508,5,50,20
509,12,40,20
510,2,30,7.333333333
511,31,50,21.66666666
512,2,50,9.5
513,50,60,20.622
514,3,30,8.5
515,8,60,11
516,25,46.66666666,11.33333333
517,6,30,6.666666666
518,4,60,11
519,4,60,13
520,25,50,13
521,39,60,16
522,12,50,11.33333333
523,26,45,10
524,14,30,8
525,66,60,22.5
526,7,60,10.66666666
527,18,60,22.5
528,27,50,10.66666666
529,30,50,17.5
530,18,50,11.33333333
531,26,50,14
532,24,50,12
533,110,54,13.66666666
534,19,60,12.33333333
535,66,60,25
536,46,52.5,13.25
537,50,50,15
538,69,60,13.66666666
539,94,50,15.33333333
540,25,50,10.33333333
541,58,60,13
542,112,60,25
543,45,60,22.5
544,38,60,18
545,41,52.5,11.5
546,48,50,16.5
547,64,60,25
548,28,60,20.5
549,186,60,30
550,71,60,16.33333333
551,9,60,11.5
552,24,30,9
553,5,40,12
554,107,60,25
555,37,60,13.33333333
556,53,50,17.66666666
557,25,60,9.5
558,9,30,14.66666666
559,97,50,15.33333333
560,7,30,8
561,69,50,9.666666666
562,41,60,20
563,185,50,19.33333333
564,32,50,17
565,104,52.5,24
566,33,45,10.33333333
567,34,50,17
568,55,50,16
569,41,30,9.666666666
570,31,40,7
571,21,53.33333333,11.33333333
572,184,60,30
573,8,50,7
574,127,60,15.66666666
575,17,43.33333333,7.5
576,32,60,13.66666666
577,70,50,20
578,40,43.33333333,12
579,4,36.66666666,15
580,4,50,7
581,8,36.66666666,11.5
582,194,47.5,27.5
583,105,60,18
584,37,50,25
585,47,60,13.66666666
586,135,60,31.4
587,45,37.5,16
588,20,30,13.5
589,0,30,6.666666666
590,2,30,9
591,9,30,10
592,60,45,25
593,64,45,17.5
594,97,60,25
595,3,30,8
596,17,43.33333333,10.66666666
597,33,50,25
598,12,43.33333333,20
599,30,43.33333333,14
600,14,60,11.5
601,41,50,25
602,3,30,8
603,16,43.33333333,10
604,1,30,7
605,5,52.5,7
606,68,60,25
607,5,36.66666666,14
608,20,30,13
609,35,37.5,12
610,34,30,6.5
611,9,30,8.666666666
612,18,37.5,11
613,1,30,7
614,6,30,5
615,13,40,9
616,82,52.5,22.5
617,12,50,11
618,59,60,17.5
619,42,45,15
620,50,60,20
621,4,52.85714285,18
622,8,56.66666666,24
623,18,70,29
624,12,30,6
625,5,32,33
626,38,56.66666666,9
627,10,56.66666666,18
628,10,32,33
629,0,30,6
630,77,67.5,23.5
631,21,60,16
632,44,54.28571428,19
633,9,33.33333333,33
634,4,38,33
635,3,40,33
636,52,57.5,32.75
637,18,30,22
638,9,30,11.66666666
639,7,30,17.5
640,31,56.66666666,40
641,1,50,19
642,2,50,7.5
643,36,56.66666666,20.66666666
644,27,30,17
645,2,60,7.333333333
646,0,45,9
647,7,60,19.5
648,0,30,8.5
649,1,30,24
650,11,45,19.5
651,2,60,5.333333333
652,12,40,10
653,2,30,8.5
654,4,50,21.5
655,53,30,29
656,16,45,17.66666666
657,8,52.5,14.33333333
658,50,37.5,24.5
659,17,40,21.5
660,3,50,19
661,24,45,24
662,14,30,29
663,4,40,16.5
664,33,50,26
665,7,60,11
666,25,60,17
667,14,45,18
668,13,40,17
669,3,30,18
670,10,52.5,10.5
671,6,60,26.5
672,2,50,6.5
673,13,60,12
674,24,37.5,17
675,30,50,23.5
676,11,60,26.74333333
677,45,66.66666666,36.74333333
678,11,60,23.0575
679,17,50,35.115
680,5,50,23.3075
681,4,50,23.0575
682,24,62,36.74333333
683,27,52.5,30.0575
684,15,50,23.3075
685,8,50,25.74333333
686,57,48,33.07666666
687,6,30,26.41
688,34,37.5,27.3075
689,2,47.5,20.5575
690,1,54,9
691,13,50,19
692,7,30,15
693,7,60,8.5
694,2,60,12
695,8,50,40
696,10,66.66666666,10.5
697,11,43.33333333,9
698,0,30,17.5
699,1,50,6.5
700,4,50,29
701,3,40,20
702,2,43.33333333,15.5
703,27,60,31
704,1,30,12.66666666
705,9,60,8.5
706,24,60,16
707,3,50,22
708,14,52,24
709,3,43.33333333,20
710,2,50,9.666666666
711,7,56,23
712,5,50,5
713,26,50,23.5
714,0,36.66666666,8
715,0,60,8.5
716,0,60,11.5
717,4,30,5.333333333
718,4,37.5,10.5
719,11,50,18.5
720,3,37.5,7.666666666
721,12,45,13
722,1,30,12.5
723,3,50,19.5
724,1,40,8
725,1,30,8.5
726,7,50,24.5
727,22,50,20.5
728,23,53.33333333,24
729,4,45,25.33333333
730,21,45,21.33333333
731,52,62.5,40
732,7,43.33333333,10.5
733,7,60,34.5
734,4,36.66666666,13
735,12,46.66666666,11.5
736,11,53.33333333,9.5
737,79,54,14.85714285
738,16,60,17
739,12,30,9.75
740,50,53.33333333,24
741,61,52.5,17
742,64,60,16.66666666
743,27,52.5,19
744,16,36.66666666,12
745,57,50,21
746,36,53.33333333,17
747,0,30,8.5
748,25,50,13
749,13,50,10
750,22,47.5,24
751,2,30,12.5
752,40,50,21.5
753,23,50,10
754,81,62.5,35
755,67,35,13.5
756,30,52.5,22.5
757,23,52.5,20
758,17,50,7.666666666
759,18,37.5,10
760,2,53.33333333,22.5
761,13,45,9.666666666
762,9,50,19
763,93,37.5,12.5
764,3,50,5.5
765,9,36.66666666,8
766,11,46.66666666,10.5
767,27,55,23.33333333
768,1,30,6
769,11,60,10.5
770,5,30,9.333333333
771,21,47.5,18
772,0,50,11
773,10,53.33333333,30
774,2,50,10
775,119,60,32.5
776,18,80,26
777,2,30,6
778,7,50,20.5
779,3,50,11
780,9,36.66666666,8.333333333
781,7,52.5,15.5
782,8,55,19
783,2,30,6.5
784,19,60,18
785,0,30,10
786,5,50,13
787,62,54,29.5
788,3,50,12
789,0,40,10.5
790,81,45,17
791,1,50,10
792,47,60,27.5
793,17,52.5,13
794,32,50,18
795,17,55,9
796,4,30,8
797,11,30,15.5
798,19,30,8.666666666
799,10,30,6
800,2,40,7.5
801,5,60,6.666666666
802,14,36.66666666,11
803,78,56.66666666,18.75
804,1,30,4.5
805,7,50,14.5
806,2,30,13
807,2,50,9.5
808,60,57.5,25.33333333
809,34,60,21.5
810,13,30,17
811,7,60,29
812,7,45,16.66666666
813,79,50,16
814,130,52.5,13.4
815,10,50,20
816,80,37.5,8.5
817,35,50,17.5
818,21,30,24.33333333
819,11,30,6.666666666
820,30,40,5.666666666
821,15,50,8
822,5,30,14.5
823,148,55,22.5
824,41,50,9
825,15,52.5,5.5
826,8,40,18.5
827,7,30,17
828,28,30,18.33333333
829,15,56.66666666,27
830,11,52.5,6.333333333
831,3,50,9
832,18,40,10.5
833,6,30,10.5
834,5,60,5.666666666
835,12,30,19.5
836,8,60,8
837,29,60,8.666666666
838,8,45,11
839,109,55,20
840,2,50,7
841,14,30,20.5
842,15,54,5
843,23,37.5,13
844,63,50,16.33333333
845,32,50,9.666666666
846,93,50,13.5
847,33,40,9.333333333
848,2,50,6
849,58,52.5,22.33333333
850,2,50,7
851,4,40,18.5
852,59,50,11.5
853,162,65,37.5
854,2,50,5.333333333
855,7,40,12
856,74,35,10.5
857,41,33.33333333,7.666666666
858,27,50,30
859,23,52.5,8.666666666
860,23,30,24.5
861,24,60,22
862,5,50,7.666666666
863,7,30,6.333333333
864,2,30,7.5
865,95,65,25
866,9,40,14.5
867,3,30,8
868,111,56.66666666,24.5
869,49,50,23.5
870,0,30,6.5
871,3,30,7.5
872,89,60,32
873,9,30,6.5
874,9,30,8
875,16,52.5,14.5
876,119,40,30
877,74,52.5,11.33333333
878,39,60,22.66666666
879,7,45,14.33333333
880,11,60,10
881,4,40,6
882,7,50,6.5
883,28,40,22
884,12,45,23
885,16,30,16.5
886,43,52.5,21.33333333
887,14,37.5,11
888,86,66.66666666,31.66666666
889,65,66.66666666,35
890,15,60,14.33333333
891,29,60,14.66666666
892,62,56.66666666,28.66666666
893,4,52.5,7
894,1,45,6
895,2,30,7
896,29,60,14
897,0,30,5.5
898,9,40,7.5
899,6,30,6.666666666
900,63,66.66666666,30.33333333
901,6,40,9
902,29,66.66666666,24.75
903,5,45,11.5
904,6,30,5.5
905,1,30,10
906,13,50,9
907,5,30,9.5
908,30,48,19.33333333
909,4,30,10
910,2,30,8.5
911,74,56.66666666,29.33333333
912,37,50,14.33333333
913,49,55,29
914,141,60,30
915,22,52.5,17.5
916,33,50,18.5
917,26,60,11.5
918,2,30,6
919,11,45,11.66666666
920,2,30,6.333333333
921,121,55,21
922,5,30,6.666666666
923,44,50,11.66666666
924,7,30,7.5
925,66,42.5,15.66666666
926,42,36.66666666,13.5
927,197,50,32.5
928,9,30,7
929,77,52.5,22.5
930,5,30,8
931,38,50,12.33333333
932,30,43.33333333,11.33333333
933,29,60,10.5
934,54,40,10.5
935,48,47.5,15
936,20,30,16.5
937,14,30,25
938,15,30,14
939,11,30,25
940,39,43.33333333,17
941,8,60,17
942,49,60,30
943,12,50,15
944,9,60,15
945,44,60,29.5
946,12,50,22.5
947,17,53.33333333,15.5
948,72,54.28571428,24.5
949,99,52,40
950,61,50,27.5
951,19,60,13.66666666
952,5,30,10
953,59,60,15.33333333
954,117,60,24.5
955,42,40,12.33333333
956,54,60,12
957,134,60,16.66666666
958,29,60,12
959,83,50,19
960,119,60,35
961,115,60,21
962,26,60,30
963,1,30,5.75
964,28,60,30
965,3,30,5
966,8,30,6
967,28,52.5,10.5
968,18,30,13
969,1,60,20
970,12,60,15.5
971,67,48,25
972,48,60,5
973,40,60,11
974,44,60,4.5
975,13,30,7.5
976,11,50,14.33333333
977,38,50,16.66666666
978,14,60,2
979,18,60,6
980,122,60,20
981,32,60,2
982,15,50,11
983,28,53.33333333,21.33333333
984,75,60,29.5
985,83,53.33333333,16
986,16,60,6
987,32,60,9
988,50,50,13
989,21,60,6
990,33,60,6
991,74,60,20
992,24,60,8
993,26,30,7.666666666
994,66,48,8
995,21,30,7.666666666
996,3,30,7.5
997,5,30,7.5
998,1,30,7.5
999,21,50,7.4
1000,6,30,8
1001,9,30,6
1002,11,30,6
1003,30,60,6
1004,22,60,8
1005,60,40,12
1006,20,48,2
1007,14,60,11
1008,46,60,9
1009,8,55,20
1010,56,50,14
1011,4,50,11.33333333
1012,14,40,15
1013,122,50,22.66666666
1014,112,52.5,27.5
1015,6,50,15
1016,65,45,20
1017,27,50,13.5
1018,7,30,9
1019,3,30,9.5
1020,32,60,11
1021,4,40,7
1022,3,60,8.666666666
1023,11,50,12.5
1024,4,50,13
1025,25,50,18.5
1026,107,60,28.5
1027,112,60,38.5
1028,2,40,12
1029,42,50,23
1030,142,60,36
1031,7,40,18.5
1032,0,40,8
1033,16,52.5,11
1034,76,50,16.33333333
1035,171,60,37.5
1036,78,50,16.66666666
1037,76,60,28.5
1038,55,45,37
1039,1,30,6
1040,64,53.33333333,22
1041,43,60,20
1042,8,50,20.5
1043,6,50,22.5
1044,41,60,17.33333333
1045,19,40,20
1046,21,33.33333333,12.5
1047,29,60,27
1048,14,50,30
1049,8,30,16.5
1050,14,50,17
1051,90,60,32.5
1052,74,60,25
1053,39,60,22
1054,85,52.5,21.33333333
1055,14,60,15.66666666
1056,82,60,19
1057,10,30,9
1058,14,40,6
1059,61,53.33333333,32.66666666
1060,164,60,34
1061,51,50,19.75
1062,28,50,16
1063,137,60,33
1064,9,50,16.66666666
1065,2,30,8
1066,15,50,23.66666666
1067,56,45,23.33333333
1068,6,30,8.5
1069,7,50,17
1070,24,50,25
1071,18,50,32
1072,70,50,26.33333333
1073,208,57.5,34.66666666
1074,22,43.33333333,36
1075,7,30,21
1076,98,60,33.33333333
1077,15,60,21
1078,47,43.33333333,31
1079,32,60,27.75
1080,10,33.33333333,9.666666666
1081,43,35,22
1082,90,60,28
1083,39,36.66666666,10.66666666
1084,83,50,35.33333333
1085,12,30,11
1086,72,53.33333333,26.75
1087,30,50,20.5
1088,25,30,10
1089,54,50,15.33333333
1090,39,50,34.33333333
1091,37,50,16.33333333
1092,159,60,42
1093,29,30,16.33333333
1094,38,47.5,18
1095,21,50,38
1096,1,30,9
1097,20,30,9.333333333
1098,21,60,16
1099,34,50,24.66666666
1100,64,60,27
1101,19,40,15.33333333
1102,106,60,32
1103,32,50,21
1104,142,60,32.5
1105,80,52.5,22.5
1106,28,40,30.5
1107,55,60,25.5
1108,46,52.5,19
1109,88,60,40.5
1110,57,60,37
1111,48,50,22.33333333
1112,5,52.5,12.33333333
1113,36,60,19.33333333
1114,120,60,39.5
1115,9,50,21.5
1116,19,52.5,20.5
1117,11,50,16
1118,9,50,18
1119,2,30,22.5
1120,13,50,27
1121,53,40,31
1122,20,60,16.33333333
1123,15,40,14.5
1124,28,66.66666666,39
1125,39,43.33333333,30
1126,13,63.33333333,39
1127,33,50,18.33333333
1128,10,40,21
1129,13,63.33333333,39
1130,3,40,10.66666666
1131,6,50,38
1132,54,55,37.5
1133,4,30,11
1134,15,50,37
1135,3,30,10.33333333
1136,1,50,11
1137,9,50,11
1138,26,50,22.1605
1139,26,50,30
1140,3,45,15
1141,29,50,31
1142,99,60,36.66666666
1143,0,50,11
1144,26,52.5,21
1145,25,60,17
1146,6,50,11
1147,37,43.33333333,37
1148,3,30,13
1149,6,60,18
1150,5,50,7
1151,17,60,12.5
1152,53,66.66666666,20.66666666
1153,17,50,13
1154,3,40,9
1155,4,30,9
1156,23,66.66666666,21
1157,18,50,14
1158,6,66.66666666,20.5
1159,16,50,9
1160,16,60,8.666666666
1161,41,60,12.5
1162,49,66.66666666,21
1163,2,50,5.666666666
1164,8,60,6.333333333
1165,16,50,15.5
1166,5,50,5.5
1167,3,40,7.666666666
1168,32,60,17.5
1169,42,66.66666666,25.5
1170,24,60,11
1171,16,50,16
1172,8,40,11.5
1173,20,66.66666666,21.5
1174,62,60,16.33333333
1175,19,40,12
1176,24,50,8.5
1177,51,56.66666666,34
1178,10,50,8.333333333
1179,15,60,15
1180,2,40,10
1181,13,30,9.5
1182,13,60,17
1183,100,66.66666666,12.6
1184,45,60,11.66666666
1185,41,60,21.5
1186,10,40,9
1187,119,63.33333333,20
1188,15,60,21.5
1189,18,60,17
1190,14,45,18.5
1191,5,30,6
1192,15,50,17.5
1193,8,60,10
1194,2,60,6.333333333
1195,0,50,11
1196,15,37.5,8
1197,27,60,17.5
1198,19,50,8
1199,26,60,10.5
1200,149,57.5,26
1201,1,50,7
1202,11,50,7.5
1203,45,52.5,11.75
1204,23,60,14
1205,1,60,7.5
1206,3,50,15.66666666
1207,3,60,3
1208,33,60,11
1209,5,60,4
1210,1,30,6
1211,12,60,9
1212,28,60,11
1213,1,30,5.5
1214,1,30,6.666666666
1215,16,66.66666666,20.5
1216,0,30,5.5
1217,0,30,6.5
1218,1,30,5
1219,67,66.66666666,22.5
1220,6,30,6
1221,11,30,7.333333333
1222,16,60,5.5
1223,48,66.66666666,15.66666666
1224,9,60,8.5
1225,45,52.5,11
1226,85,50,11.33333333
1227,43,60,20
1228,7,48,12.66666666
1229,48,50,10
1230,55,60,15
1231,36,51.42857142,12
1232,78,60,12
1233,4,60,12.66666666
1234,56,60,12.66666666
1235,56,60,12
1236,172,57.5,24.66666666
1237,12,30,13.5
1238,10,30,17
1239,59,50,10
1240,53,30,10
1241,25,52.5,13
1242,28,60,11
1243,13,42,10
1244,84,66.66666666,20
1245,18,60,22
1246,62,45,27
1247,6,30,8.5
1248,18,50,14.33333333
1249,3,60,12
1250,2,30,8
1251,0,50,9.5
1252,10,50,16
1253,2,30,2
1254,31,60,25
1255,2,30,11
1256,8,50,11
1257,6,30,7
1258,1,30,8
1259,13,50,20
1260,86,56.66666666,24
1261,1,40,11
1262,52,45,17.33333333
1263,13,30,16
1264,9,30,6.666666666
1265,16,56.66666666,22
1266,5,30,8.5
1267,7,30,5.666666666
1268,120,56.66666666,32
1269,10,30,9
1270,70,56.66666666,21.5
1271,44,65,33
1272,10,50,19.75
1273,5,50,19.5
1274,163,75,20
1275,9,50,21
1276,11,30,6
1277,30,42.85714285,20
1278,13,37.5,15
1279,2,30,22
1280,33,36.66666666,18.5
1281,45,68.75,35
1282,28,50,17.66666666
1283,5,30,8.5
1284,0,60,7.5
1285,45,35,16.33333333
1286,44,30,32.5
1287,1,20,8.5
1288,44,66.66666666,15.66666666
1289,0,60,7
1290,28,26.66666666,19.33333333
1291,26,48,21
1292,7,60,7.333333333
1293,6,50,13.5
1294,70,57.5,34.5
1295,1,40,8
1296,5,60,5.25
1297,15,60,21
1298,10,60,11.5
1299,15,53.33333333,18
1300,33,60,12.5
1301,1,40,7.5
1302,0,30,7
1303,51,60,13.66666666
1304,5,50,7
1305,8,50,30
1306,1,30,8
1307,17,60,16
1308,0,30,5
1309,31,50,13.5
1310,42,57.14285714,27.5
1311,37,52.5,18.66666666
1312,15,60,11.33333333
1313,23,60,24.33333333
1314,2,50,8
1315,26,56,18
1316,42,60,18
1317,26,60,21
1318,4,42.85714285,8
1319,67,60,25
1320,80,66.66666666,22
1321,4,50,14.5
1322,15,60,35
1323,63,50,14
1324,73,60,12
1325,19,56.66666666,20
1326,8,53.33333333,11
1327,37,50,35
1328,17,60,18.5
1329,6,30,8
1330,5,50,13.5
1331,12,40,5
1332,16,50,11.66666666
1333,9,50,13
1334,125,56.66666666,35.66666666
1335,52,66.66666666,34
1336,11,50,18
1337,30,52.5,24.66666666
1338,24,66.66666666,20.5
1339,58,52.5,18.5
1340,4,30,4.666666666
1341,6,50,16.5
1342,76,66.66666666,20.5
1343,154,60,36
1344,8,55.71428571,21
1345,13,50,18
1346,54,60,13.5
1347,6,30,2
1348,56,66.66666666,27
1349,70,50,28
1350,21,38,18
1351,15,50,20
1352,15,60,36
1353,63,60,32.5
1354,26,40,16.5
1355,1,30,11.5
1356,24,50,18.33333333
1357,11,60,18
1358,8,50,23.5
1359,30,50,21.5
1360,8,60,15
1361,13,30,8.666666666
1362,39,53.33333333,15.5
1363,176,54,26
1364,18,40,16.5
1365,38,60,25
1366,4,30,10.5
1367,11,60,15
1368,82,66.66666666,28.5
1369,14,43.33333333,7.5
1370,22,60,25
1371,49,45,17
1372,4,30,11.5
1373,9,45,6
1374,2,60,15
1375,17,60,21.66666666
1376,70,60,10.5
1377,4,60,9
1378,6,30,15
1379,19,50,12.5
1380,25,45,8
1381,49,45,19
1382,9,60,19
1383,7,60,14
1384,11,53.33333333,15.66666666
1385,35,35,18
1386,34,60,18
1387,5,50,14
1388,7,50,10
1389,21,50,30
1390,2,60,20
1391,18,50,30
1392,6,45,20
1393,2,60,17
1394,72,60,21
1395,8,48,20
1396,46,60,29.33333333
1397,14,45,20
1398,41,52.5,9.333333333
1399,48,60,16.5
1400,81,55.71428571,27.5
1401,5,50,25
1402,17,45,14
1403,29,50,12.33333333
1404,115,60,21
1405,73,60,13.66666666
1406,57,52.5,12
1407,11,56.66666666,8.5
1408,137,60,19
1409,58,60,10.33333333
1410,159,60,38
1411,26,60,2.5
1412,68,60,29.5
1413,106,51.42857142,29.75
1414,5,33.33333333,13
1415,78,55,22
1416,11,33.33333333,13
1417,9,55,20
1418,15,52.5,20
1419,7,53.33333333,20
1420,102,55,24
1421,7,53.33333333,13
1422,21,50,20
1423,4,55,20
1424,14,60,13
1425,26,55,24
1426,23,60,13
1427,4,52.5,15.33333333
1428,63,61.11111111,20
1429,3,50,9
1430,10,53.33333333,20
1431,27,60,22
1432,8,48,36
1433,23,60,10
1434,17,60,13
1435,4,53.33333333,20
1436,8,60,13
1437,2,54.28571428,7.5
1438,11,56.66666666,18
1439,10,48,36
1440,17,55,17.33333333
1441,86,60,16
1442,14,56.66666666,20
1443,38,50,14.66666666
1444,12,60,13
1445,49,60,18
1446,12,60,10
1447,36,70,32.5
1448,14,47.5,13.33333333
1449,8,50,12
1450,1,60,7.333333333
1451,7,45,10
1452,5,60,12
1453,25,45,10.66666666
1454,29,53.33333333,12.66666666
1455,46,45,13.33333333
1456,5,60,10
1457,34,37.5,10.66666666
1458,63,60,27
1459,32,60,11.33333333
1460,39,55,12
1461,3,60,8
1462,5,60,10
1463,7,50,7
1464,26,40,11
1465,53,60,11.33333333
1466,16,60,10
1467,22,53.33333333,12
1468,23,53.33333333,20
1469,4,50,5
1470,36,40,9.333333333
1471,44,50,11.33333333
1472,176,65,35
1473,30,56.66666666,22
1474,89,60,26
1475,137,57.5,31
1476,35,56.66666666,23.33333333
1477,59,66.66666666,23.33333333
1478,50,60,10
1479,197,65,35
1480,66,60,15.33333333
1481,88,57.5,50
1482,63,56.66666666,10.66666666
1483,59,66.66666666,35
1484,59,60,16
1485,58,66.66666666,35
1486,40,56.66666666,28
1487,85,60,20
1488,64,50,11
1489,40,50,11.33333333
1490,36,60,20
1491,44,50,12
1492,81,60,20
1493,10,30,8.5
1494,4,30,6.5
1495,66,52.5,12.8
1496,0,30,6
1497,39,50,11.33333333
1498,7,30,12
1499,20,40,12
1500,11,30,20
1501,15,30,20
1502,2,30,12
1503,26,50,16
1504,46,60,7.5
1505,3,50,9
1506,2,50,7
1507,12,60,9
1508,7,50,5
1509,13,30,4
1510,3,48,15.5
1511,41,60,13
1512,3,50,8
1513,2,50,4
1514,3,50,15.5
1515,2,30,6
1516,3,30,10.5
1517,26,50,5.5
1518,2,57.5,30
1519,42,60,25
1520,3,30,10.5
1521,5,50,15.5
1522,75,60,14
1523,21,43.33333333,18.5
1524,6,60,9.5
1525,0,30,9.5
1526,16,60,9.5
1527,4,50,25
1528,81,65,30.5
1529,2,50,8
1530,23,50,26
1531,34,30,2
1532,46,43.33333333,20
1533,5,50,11.5
1534,0,30,21
1535,14,43.33333333,20
1536,16,60,5
1537,2,30,23.5
1538,19,30,6
1539,34,60,9.333333333
1540,6,40,25
1541,91,65,32.5
1542,4,50,22
1543,55,45,14
1544,69,56.66666666,20.66666666
1545,83,50,16.66666666
1546,19,50,24.37866666
1547,41,50,18.712
1548,29,50,16.33333333
1549,23,63.33333333,21
1550,7,63.33333333,36
1551,16,50,24
1552,14,50,15
1553,54,60,21.5
1554,5,60,21.5
1555,3,50,30
1556,21,50,21
1557,64,52.5,28
1558,24,60,31
1559,5,60,30
1560,49,60,22.5
1561,71,57.77777777,24
1562,4,40,4.666666666
1563,77,45,25.33333333
1564,27,53.33333333,19.5
1565,20,45,11.33333333
1566,43,52.5,21
1567,59,45,30.5
1568,3,40,8
1569,3,30,17.616
1570,7,30,4.5
1571,6,40,7.5
1572,98,60,33.5
1573,19,53.33333333,16.5
1574,16,30,11
1575,9,30,13.5
1576,26,60,25
1577,13,50,36
1578,9,60,12
1579,8,50,9.666666666
1580,19,50,23
1581,7,30,11
1582,54,30,20.5
1583,32,50,15
1584,102,60,27
1585,12,30,20
1586,5,33.33333333,10
1587,64,60,35.5
1588,16,30,11.33333333
1589,74,50,23
1590,8,30,22.5
1591,11,30,12.5
1592,17,60,10
1593,63,45,23.48366666
1594,8,50,3.5
1595,6,50,4.5
1596,33,40,19
1597,18,60,10
1598,40,52.5,17.66666666
1599,29,60,20
1600,11,30,19
1601,55,45,14.66666666
1602,16,32.5,15.5
1603,39,60,21
1604,19,30,13.5
1605,18,60,25
1606,23,30,12
1607,7,30,14.5
1608,4,38,26
1609,116,52.5,27
1610,23,50,9
1611,5,40,16.835
1612,29,60,7.333333333
1613,32,50,18
1614,23,36.66666666,16
1615,17,40,12.5
1616,18,30,17
1617,34,60,10.5
1618,46,45,19.66666666
1619,46,42.85714285,11
1620,48,50,14
1621,17,50,17.5
1622,90,45,18.33333333
1623,88,47.5,22.5
1624,36,30,11
1625,87,60,24.5
1626,10,30,3
1627,17,40,12
1628,54,52.5,23.33333333
1629,56,60,33
1630,30,30,13
1631,18,30,13.33333333
1632,5,30,7
1633,19,40,9.5
1634,4,36.66666666,18
1635,5,33.33333333,14
1636,45,45,23.9175
1637,22,50,18
1638,106,60,30.5
1639,26,30,15.33333333
1640,47,35,19
1641,18,40,12
1642,35,45,13
1643,15,60,13.25
1644,13,40,12
1645,18,33.33333333,20.5
1646,2,40,6
1647,15,30,18
1648,13,60,22.5
1649,104,60,24.5
1650,13,30,12
1651,2,30,3.666666666
1652,1,50,7
1653,25,60,17.5
1654,11,53.33333333,26
1655,51,60,28
1656,10,52.5,7
1657,60,45,20.5
1658,13,33.33333333,17.011
1659,7,43.33333333,22
1660,15,30,10.5
1661,3,60,6
1662,14,40,10.33333333
1663,10,50,8
1664,10,40,19.25
1665,46,45,18
1666,21,45,4
1667,7,30,5
1668,21,60,18
1669,31,52.5,12
1670,8,60,10
1671,9,60,9
1672,11,60,14
1673,4,40,11.5
1674,1,60,7
1675,27,45,11
1676,70,55,22.33333333
1677,9,30,4
1678,5,50,18
1679,14,30,4
1680,52,45,20
1681,11,40,4
1682,7,30,12.5
1683,8,60,10
1684,11,40,13.33333333
1685,9,40,8
1686,3,50,13
1687,8,37.5,5.5
1688,2,60,7
1689,39,52.5,21.5
1690,29,50,17
1691,51,60,15.66666666
1692,3,46.66666666,12
1693,2,30,8
1694,30,45,12.66666666
1695,18,40,16
1696,74,60,25
1697,35,60,16.66666666
1698,0,60,8
1699,2,60,15.5
1700,97,47.5,29.32433333
1701,41,60,21.33333333
1702,46,52.5,13
1703,9,36.66666666,11.5
1704,3,52.5,8
1705,9,50,9
1706,19,60,7.333333333
1707,11,40,15.5
1708,12,60,18
1709,42,60,18
1710,9,60,18
1711,8,30,5
1712,6,50,6
1713,31,60,16
1714,24,53.33333333,20.5
1715,4,60,8.333333333
1716,8,50,11.5
1717,28,60,19
1718,26,60,14.5
1719,2,60,6
1720,22,60,8
1721,14,50,16.5
1722,7,40,11
1723,11,60,20
1724,34,52.5,10
1725,15,60,9.666666666
1726,30,50,15.66666666
1727,7,40,13
1728,76,60,21.5
1729,35,50,18.66666666
1730,13,52.5,18
1731,20,60,14.33333333
1732,26,60,14.6875
1733,129,60,33
1734,14,60,17.5
1735,16,60,18
1736,26,42.85714285,9.666666666
1737,13,60,20
1738,16,60,7
1739,21,40,13
1740,27,50,18.5
1741,10,60,12.5
1742,59,60,11
1743,3,30,7.5
1744,50,60,22.5
1745,16,50,13.5
1746,6,30,4
1747,9,30,12
1748,18,60,7
1749,8,46.66666666,12
1750,21,50,19.5
1751,41,50,21
1752,53,60,16
1753,21,36.66666666,10.5
1754,22,52.5,13.33333333
1755,36,43.33333333,21.4865
1756,12,50,23
1757,24,60,22.5
1758,11,44,12.5
1759,35,36.66666666,12.33333333
1760,5,45,7.5
1761,117,55,20
1762,4,30,3.5
1763,0,30,7.666666666
1764,35,36.66666666,10
1765,2,30,8
1766,20,46.66666666,8.666666666
1767,15,60,11
1768,38,36.66666666,8.666666666
1769,10,36.66666666,11.66666666
1770,3,60,25.5
1771,29,40,12
1772,22,30,8
1773,38,50,17.33333333
1774,5,30,12.5
1775,2,30,11
1776,9,30,10.66666666
1777,1,50,20
1778,6,30,5.5
1779,6,30,13
1780,3,36.66666666,6
1781,22,46.66666666,11
1782,8,40,20
1783,34,60,30
1784,29,53.33333333,18.5
1785,4,53.33333333,12
1786,7,30,6
1787,26,50,18.5
1788,53,50,18.5
1789,2,30,9
1790,5,30,6
1791,0,30,10.5
1792,13,50,18
1793,1,30,7.5
1794,2,30,10.5
1795,3,30,10.5
1796,1,30,10.5
1797,12,30,7.5
1798,17,50,30
1799,3,30,7.5
1800,2,30,7.5
1801,27,30,12.33333333
1802,17,30,11
1803,5,30,7
1804,2,30,7
1805,17,30,12.33333333
1806,7,30,10.5
1807,2,30,7.333333333
1808,2,30,5.5
1809,2,30,4.5
1810,8,50,15.66666666
1811,5,30,10
1812,3,50,19
1813,12,30,14
1814,4,30,11
1815,4,30,8
1816,7,30,5.666666666
1817,12,60,15
1818,64,45,24
1819,0,30,6
1820,1,30,11.5
1821,44,30,12.5
1822,46,47.5,22.5
1823,24,30,10.33333333
1824,43,35,18
1825,26,30,12
1826,6,60,10.5
1827,11,30,10.5
1828,12,43.33333333,11.66666666
1829,29,30,17.66666666
1830,144,60,26.5
1831,31,60,16
1832,31,60,13.5
1833,17,50,22
1834,36,43.33333333,17.5
1835,10,30,10.33333333
1836,14,50,11.5
1837,8,50,9
1838,33,47.5,12.33333333
1839,127,60,20.33333333
1840,14,45,9
1841,21,53.33333333,11
1842,18,53.33333333,14
1843,26,60,11
1844,53,50,24
1845,13,30,8
1846,11,46.66666666,17.5
1847,23,46.66666666,19.5
1848,23,50,15.66666666
1849,134,52.5,35.5
1850,52,60,19
1851,38,60,14
1852,56,60,17
1853,33,50,22
1854,5,60,10.33333333
1855,18,50,18
1856,6,45,14
1857,51,50,12.66666666
1858,2,60,11.33333333
1859,25,52.5,12.5
1860,128,55,29
1861,16,33.33333333,10.66666666
1862,15,53.33333333,10.66666666
1863,12,30,11.5
1864,56,50,13.66666666
1865,20,30,11
1866,3,30,7.666666666
1867,26,36.66666666,15
1868,56,60,29
1869,73,54,25.33333333
1870,1,40,14
1871,13,50,12
1872,133,60,33.5
1873,3,50,9
1874,7,40,9.666666666
1875,78,60,19.66666666
1876,42,60,18.33333333
1877,68,47.5,21
1878,27,45,8
1879,8,40,9.5
1880,10,52.5,9
1881,2,60,16.5
1882,4,60,8.5
1883,26,52.5,20
1884,10,50,9.5
1885,76,52.5,23
1886,23,60,33
1887,6,50,16.5
1888,28,52.5,7.333333333
1889,42,60,9
1890,18,50,18
1891,13,47.5,12.25
1892,11,60,15.33333333
1893,32,60,21.5
1894,26,60,6.666666666
1895,32,60,8.5
1896,13,60,9.75
1897,9,50,15
1898,24,52.5,17.66666666
1899,5,30,7.5
1900,13,50,12.66666666
1901,5,50,10.5
1902,79,57.5,20.5
1903,39,56.66666666,38
1904,13,56.66666666,38
1905,127,60,20.33333333
1906,52,56.66666666,30
1907,1,40,5
1908,0,50,10
1909,56,60,23.5
1910,72,60,23
1911,9,50,16
1912,18,52.5,13
1913,19,60,19.5
1914,38,52.5,15
1915,5,50,7.5
1916,19,45,7.333333333
1917,25,52.5,20.33333333
1918,17,50,11.5
1919,28,52.5,16.33333333
1920,65,60,27.5
1921,85,52.5,24
1922,4,50,26
1923,17,30,22
1924,21,50,15
1925,32,50,23
1926,8,30,9
1927,13,50,3
1928,4,60,8.5
1929,6,50,13.5
1930,4,30,9
1931,9,50,8
1932,40,45,17
1933,11,50,18.5
1934,1,50,12.5
1935,22,50,23.5
1936,6,53.33333333,25.5
1937,67,57.5,22
1938,16,50,17
1939,14,60,25.5
1940,15,60,13
1941,3,50,16
1942,3,30,12
1943,22,60,15.5
1944,59,60,28.5
1945,4,50,20.5
1946,16,60,17.5
1947,71,52.5,25.66666666
1948,7,50,16.5
1949,5,60,21.5
1950,14,60,22
1951,44,45,19
1952,15,60,13.5
1953,24,60,29
1954,112,60,29.5
1955,22,56.66666666,26
1956,82,60,24.5
1957,72,56.66666666,24.75
1958,30,50,16.5
1959,22,43.33333333,22
1960,28,60,22.5
1961,5,50,8
1962,62,55,23.33333333
1963,1,60,10.5
1964,8,60,12
1965,55,60,19.66666666
1966,48,50,18
1967,40,50,20.5
1968,75,50,25
1969,101,52.5,30
1970,83,52.5,28.33333333
1971,25,60,15
1972,64,50,19
1973,24,52.85714285,19
1974,93,55,26.5
1975,7,50,18
1976,35,60,26
1977,8,50,18
1978,45,40,19
1979,22,58,18
1980,33,50,21.5
1981,24,60,21.5
1982,47,52.5,21.5
1983,11,40,14
1984,19,50,21.25
1985,30,52.5,12.66666666
1986,139,58.57142857,31.25
1987,110,52.5,31.25
1988,172,60,30
1989,143,35,25
1990,72,40,22.5
1991,44,50,10.75
1992,33,40,22
1993,51,50,19.5
1994,59,60,20
1995,44,50,30
1996,31,40,21.5
1997,45,50,26.33333333
1998,100,50,32.5
1999,68,40,24
2000,28,40,21.5
2001,5,50,18
2002,52,47.5,35
2003,38,42.5,21
2004,37,45,19
2005,56,40,27.5
2006,42,53.33333333,27.5
2007,77,52.5,25
2008,42,42.5,18.5
2009,24,60,14.33333333
2010,16,60,30
2011,133,57.5,28.33333333
2012,25,40,12.5
2013,64,60,18.625
2014,99,42.5,25
2015,42,53.33333333,12.33333333
2016,32,50,18.75
2017,12,40,11.5
2018,9,30,13
2019,82,45,18.66666666
2020,16,30,12
2021,96,60,21
2022,113,50,23.6
2023,19,50,18
2024,45,50,19.5
2025,49,35,21
2026,90,52.5,24.5
2027,34,47.14285714,22
2028,2,30,7
2029,24,35,15
2030,110,55,27.5
2031,28,60,22.5
2032,55,50,13.5
2033,60,52.5,22.5
2034,6,30,9
2035,34,50,17.5
2036,26,43.33333333,18.5
2037,56,60,21
2038,91,53.33333333,24.5
2039,62,50,15
2040,32,60,23.5
2041,49,50,19
2042,7,60,18.5
2043,20,50,17.5
2044,17,55,22
2045,25,50,11.33333333
2046,32,60,17.5
2047,21,50,19
2048,21,60,24.5
2049,23,46.66666666,20
2050,53,52.5,27.5
2051,61,47.5,15
2052,7,54,9.666666666
2053,26,60,11.66666666
2054,0,60,9.5
2055,92,60,25
2056,28,57.14285714,20
2057,6,60,7.5
2058,110,52.5,22.5
2059,3,45,20
2060,13,50,20
2061,3,50,20
2062,36,60,15
2063,3,40,13
2064,30,60,11
2065,66,52.5,20
2066,10,50,9.666666666
2067,27,50,20
2068,23,50,16.66666666
2069,17,50,22.5
2070,5,60,8
2071,130,60,20
2072,58,60,15.33333333
2073,27,50,20
2074,60,60,20
2075,52,60,16.33333333
2076,39,50,15
2077,5,60,9
2078,50,60,14.33333333
2079,11,60,9.333333333
2080,1,40,10
2081,8,40,15
2082,35,60,15
2083,14,30,8
2084,51,60,11.66666666
2085,15,40,10.5
2086,12,46.66666666,15
2087,10,37.5,9
2088,53,60,15
2089,13,38.33333333,20
2090,4,40,20
2091,56,60,30
2092,29,52.5,16
2093,42,60,16.66666666
2094,23,50,22.66666666
2095,76,52.5,19
2096,17,45,11.5
2097,10,60,7.333333333
2098,15,40,17.5
2099,22,60,14
2100,4,40,7
2101,3,50,10.5
2102,9,50,14
2103,7,50,11
2104,19,50,15.5
2105,32,50,20.5
2106,10,30,9.5
2107,8,45,10.5
2108,5,30,12.5
2109,1,40,10.5
2110,11,45,11
2111,48,60,21.5
2112,12,60,15
2113,3,60,15
2114,16,50,17
2115,11,60,15
2116,4,50,14.5
2117,21,55,25
2118,29,50,14
2119,37,50,18
2120,102,52.5,28.75
2121,17,45,13
2122,23,60,12
2123,12,60,25
2124,6,37.5,8
2125,22,30,8.5
2126,65,30,12.66666666
2127,33,40,8
2128,11,30,9.5
2129,2,45,10.5
2130,31,60,13
2131,41,60,12
2132,2,40,10
2133,31,40,21
2134,21,48,21.75
2135,6,50,10.5
2136,2,30,11
2137,5,40,19
2138,5,60,16
2139,6,30,7.5
2140,1,30,16
2141,9,50,25.33333333
2142,30,60,31.25
2143,0,30,12.5
2144,18,50,7.666666666
2145,58,50,21.5
2146,66,52.5,13.25
2147,116,52.5,20
2148,19,30,7.5
2149,36,50,22
2150,14,50,17.5
2151,46,30,11.66666666
2152,53,60,25
2153,51,60,16
2154,22,45,14
2155,23,50,15.5
2156,62,45,12.33333333
2157,9,50,14
2158,58,60,10
2159,7,30,11
2160,3,30,5
2161,25,45,11.5
2162,25,50,16
2163,35,50,14.33333333
2164,63,60,22.5
2165,53,50,16.5
2166,12,50,13.5
2167,14,50,18
2168,22,50,17.5
2169,19,50,18.5
2170,39,50,14.5
2171,12,30,13
2172,26,50,16.5
2173,45,60,20
2174,86,60,18.33333333
2175,8,50,11
2176,0,50,9
2177,12,60,13
2178,1,50,12
2179,27,50,11.5
2180,45,60,12.75
2181,7,40,9.5
2182,39,60,13
2183,117,60,20
2184,9,45,6
2185,15,37.5,15
2186,32,50,20
2187,2,50,10
2188,4,37.5,6
2189,19,50,13
2190,55,60,8.333333333
2191,10,37.5,15
2192,6,36,16.66666666
2193,15,52.5,11.5
2194,4,40,17
2195,24,30,10.66666666
2196,52,52.5,21.5
2197,67,60,20.5
2198,22,50,14
2199,6,30,5
2200,29,40,18
2201,75,60,14.66666666
2202,33,52.5,35
2203,6,30,9
2204,69,60,26.66666666
2205,2,30,12
2206,8,30,10.5
2207,17,50,8.666666666
2208,15,30,9
2209,44,46,11.5
2210,50,40,15
2211,16,30,15
2212,25,40,13
2213,36,30,15
2214,71,50,25
2215,34,40,9.333333333
2216,3,30,11
2217,48,46.66666666,18
2218,8,40,11
2219,42,60,13
2220,24,47.5,23
2221,5,40,12
2222,1,40,5
2223,41,50,13
2224,6,33.33333333,16.5
2225,59,45,15.5
2226,5,33.33333333,13
2227,6,36.66666666,21
2228,46,50,20
2229,116,53.33333333,24.5
2230,69,60,9.333333333
2231,73,60,44.71428571
2232,95,60,31.75
2233,48,50,36.33333333
2234,24,60,28.5
2235,130,60,40
2236,36,50,36.66666666
2237,112,60,30.25
2238,113,60,35
2239,4,50,44
2240,18,50,34
2241,2,40,24
2242,0,30,24
2243,2,30,24
2244,13,45,33
2245,36,60,39
2246,0,30,22
2247,3,60,25
2248,3,60,21
2249,18,53.33333333,35.5
2250,28,60,28.33333333
2251,4,50,25
2252,7,60,21
2253,21,60,31
2254,5,50,25.5
2255,2,60,28.5
2256,3,60,21.5
2257,1,50,15.66666666
2258,19,60,26.33333333
2259,8,60,36
2260,9,60,26.66666666
2261,2,50,15.66666666
2262,1,50,20.5
2263,2,60,19.66666666
2264,3,50,23.5
2265,12,60,26
2266,5,60,26.5
2267,23,60,32.5
2268,0,30,12.66666666
2269,3,50,23
2270,32,60,32
2271,3,50,35
2272,15,60,29
2273,6,50,19.5
2274,66,60,38.5
2275,11,60,28.5
2276,13,60,20.33333333
2277,7,50,27.5
2278,3,50,22
2279,3,30,15
2280,0,30,15.33333333
2281,1,30,9.333333333
2282,3,50,20.5
2283,9,30,16.33333333
2284,47,60,34.5
2285,14,30,8
2286,20,30,18
2287,17,50,23.5
2288,37,60,37.5
2289,7,50,24
2290,3,30,14.5
2291,15,53.33333333,25.5
2292,3,50,21
2293,3,30,10.33333333
2294,41,55,21.5
2295,8,60,31
2296,5,30,9
2297,43,40,29.5
2298,9,50,34
2299,19,30,12
2300,9,30,12
2301,19,52.5,25.5
2302,24,40,31
2303,70,46.66666666,40.5
2304,6,40,13
2305,23,32.5,15
2306,10,30,10.33333333
2307,18,35,18
2308,39,30,22
2309,14,50,22
2310,14,52.5,21
2311,25,35,18
2312,1,50,14
2313,10,50,20
2314,4,50,10.5
2315,25,50,39
2316,11,60,19.5
2317,22,40,15.33333333
2318,2,30,10
2319,77,32.5,26.66666666
2320,73,45,27
2321,68,46,27.66666666
2322,73,52.5,36.5
2323,55,50,20.66666666
2324,0,45,6
2325,21,60,20
2326,21,33.33333333,16.66666666
2327,6,50,18.5
2328,81,60,28
2329,6,50,15
2330,16,42.5,18.66666666
2331,8,40,14.33333333
2332,13,60,20.66666666
2333,88,40,24
2334,12,60,23.5
2335,52,45,26.5
2336,25,40,33
2337,22,30,17.5
2338,1,60,22
2339,15,46.66666666,14.33333333
2340,0,60,8
2341,169,55,35.5
2342,44,60,21
2343,37,52.5,22.66666666
2344,0,60,23
2345,52,60,22
2346,72,60,22.5
2347,58,50,29.5
2348,29,37.5,21.5
2349,102,60,18.5
2350,128,60,34.66666666
2351,11,46.66666666,11.66666666
2352,21,52.5,21
2353,12,60,12
2354,77,60,25
2355,29,40,19.5
2356,63,50,21
2357,11,40,20.5
2358,16,40,14.66666666
2359,18,36.66666666,24.5
2360,104,53.33333333,25
2361,17,40,11.5
2362,59,50,20.5
2363,25,53.33333333,22
2364,35,40,22
2365,4,30,23
2366,59,60,28
2367,57,53.33333333,23
2368,1,30,12.66666666
2369,2,50,19.5
2370,27,50,19.5
2371,32,52.5,14.66666666
2372,2,50,27.5
2373,110,60,38.5
2374,14,30,7
2375,144,60,32.33333333
2376,17,50,22.5
2377,23,50,26
2378,4,50,26.5
2379,42,60,26.5
2380,16,60,46
2381,10,60,18
2382,44,60,46
2383,25,35,19
2384,0,50,15
2385,42,45,23
2386,1,30,14.33333333
2387,4,50,14.5
2388,20,47.5,18
2389,24,60,22
2390,33,60,18
2391,14,53.33333333,15
2392,7,50,23
2393,52,60,27.5
2394,2,30,15.66666666
2395,25,52.5,18.66666666
2396,100,60,27
2397,93,56.66666666,29
2398,15,60,12.66666666
2399,13,47.5,15.5
2400,24,52.5,21
2401,26,60,17.66666666
2402,2,30,12
2403,45,60,37
2404,2,60,20
2405,17,50,20
2406,37,52.5,17.5
2407,16,60,18.33333333
2408,66,50,26.75
2409,57,50,20
2410,11,50,16.33333333
2411,17,50,14.33333333
2412,34,46.66666666,12
2413,9,50,20.66666666
2414,4,50,11.25
2415,130,60,25
2416,13,60,17
2417,31,33.33333333,8.5
2418,28,60,22
2419,3,30,10
2420,199,60,40.5
2421,6,50,14.5
2422,22,42.5,11
2423,12,30,11.33333333
2424,37,60,22.5
2425,19,60,33
2426,18,50,30.5
2427,1,30,9.666666666
2428,12,30,10.66666666
2429,16,50,28
2430,14,50,30.5
2431,56,60,31.5
2432,28,60,22.5
2433,14,60,21
2434,11,50,21
2435,15,37.5,14
2436,25,50,31.5
2437,14,50,7.25
2438,37,50,28.33333333
2439,37,60,33
2440,6,50,7.25
2441,48,56.66666666,51
2442,37,60,23.75
2443,3,50,11
2444,30,50,18
2445,25,54,35
2446,96,60,22
2447,67,60,30
2448,11,45,13
2449,43,53.33333333,23.5
2450,3,60,8.5
2451,53,47.5,21
2452,4,40,14
2453,22,46.66666666,16
2454,16,40,12
2455,30,60,13.5
2456,38,53.33333333,22.5
2457,52,50,24
2458,1,40,13.33333333
2459,1,40,20
2460,32,46.66666666,13
2461,2,40,18.33333333
2462,24,50,13
2463,48,50,35
2464,15,37.5,20
2465,6,60,21
2466,26,40,21
2467,10,40,11
2468,3,30,9.333333333
2469,16,36.66666666,14.33333333
2470,18,60,40
2471,60,37.5,20
2472,41,37.5,15.5
2473,15,40,13
2474,8,30,11.5
2475,4,40,15
2476,19,50,20
2477,25,50,17.5
2478,18,60,24.5
2479,7,50,9.333333333
2480,41,50,11.66666666
2481,16,50,16.5
2482,30,60,17
2483,51,60,21.5
2484,40,47.5,22
2485,53,53.33333333,16
2486,13,47.5,13.5
2487,7,60,14
2488,5,50,23
2489,8,60,16
2490,15,30,12.5
2491,72,60,22.5
2492,48,50,13
2493,14,60,13
2494,22,55,23
2495,51,45,15.66666666
2496,45,60,24
2497,5,30,7.333333333
2498,0,30,6.5
2499,1,40,7
2500,27,50,14.33333333
2501,16,50,24
2502,29,60,12.33333333
2503,1,50,8.5
2504,3,50,10.66666666
2505,24,50,13.33333333
2506,17,50,10
2507,53,50,24
2508,32,50,14.66666666
2509,33,60,25
2510,34,52.5,15
2511,23,52.5,19.33333333
2512,36,60,14
2513,63,60,22.5
2514,42,51.42857142,17.5
2515,110,54,32.5
2516,111,60,31
2517,41,52.5,13.33333333
2518,42,52.5,13
2519,22,63.33333333,14.33333333
2520,36,60,40
2521,13,60,7.666666666
2522,15,50,26
2523,22,52.5,29
2524,46,60,14.66666666
2525,0,30,9.5
2526,10,45,9
2527,98,63.33333333,31.33333333
2528,0,30,9
2529,77,45,24
2530,0,30,10
2531,49,37.5,5
2532,14,40,15.5
2533,35,60,21
2534,38,60,12
2535,50,50,27
2536,9,23.33333333,8
2537,24,30,11
2538,15,36.66666666,15.5
2539,18,36.66666666,13.33333333
2540,12,35,9.75
2541,17,46.66666666,10
2542,30,52.5,25.5
2543,108,50,31
2544,10,60,17.33333333
2545,44,50,27
2546,52,60,11.66666666
2547,24,45,17.5
2548,73,50,19.66666666
2549,26,40,17
2550,15,60,9.666666666
2551,12,50,9.666666666
2552,60,47.5,29
2553,13,50,6.8
2554,43,52.5,21.66666666
2555,28,50,39
2556,25,57.5,32.16666666
2557,15,56.66666666,30
2558,8,50,9.5
2559,26,60,10.5
2560,20,52.5,22.25
2561,13,50,18.33333333
2562,18,60,25.5
2563,37,60,23.25
2564,9,50,23.33333333
2565,9,50,24
2566,24,50,24
2567,15,53.33333333,28.25
2568,42,60,20.66666666
2569,26,52.5,39.5
2570,32,50,11.5
2571,36,60,39.5
2572,5,60,25.5
2573,33,60,35
2574,31,60,26
2575,7,60,16.33333333
2576,61,40,17
2577,45,56,15
2578,31,60,22.5
2579,8,50,10
2580,18,60,20.66666666
2581,9,60,10.33333333
2582,39,60,27.5
2583,24,50,21
2584,45,60,22.5
2585,15,50,11.66666666
2586,30,60,15.33333333
2587,11,60,10.33333333
2588,29,50,23.5
2589,28,50,22.5
2590,44,60,35
2591,31,60,15.33333333
2592,51,60,30
2593,33,40,13.5
2594,66,50,21.33333333
2595,63,60,35
2596,70,60,35
2597,9,40,15.5
2598,43,60,40
2599,7,45,24.66666666
2600,51,60,22.5
2601,78,60,26
2602,15,60,20.5
2603,11,50,40
2604,26,50,22.5
2605,22,60,40
2606,63,60,31
2607,36,52.5,23.66666666
2608,6,60,22
2609,29,50,30
2610,87,62.5,40
2611,25,50,30
2612,17,50,22
2613,79,60,30
2614,7,50,25
2615,15,60,19.5
2616,55,60,40
2617,27,50,30
2618,47,66.66666666,30
2619,11,60,24
2620,95,52.5,33.33333333
2621,22,50,25
2622,9,56.66666666,17.33333333
2623,2,50,13.5
2624,38,60,28.66666666
2625,17,66.66666666,18.66666666
2626,33,50,15
2627,104,62.5,35
2628,40,45,28
2629,47,60,22
2630,16,50,18
2631,8,40,12.33333333
2632,7,50,7
2633,16,60,22.5
2634,8,50,17.66666666
2635,24,60,10.66666666
2636,48,62.85714285,40
2637,3,50,19
2638,12,60,30
2639,9,60,18
2640,35,60,18.66666666
2641,71,60,35
2642,22,45,18
2643,16,50,16.66666666
2644,16,50,10
2645,34,50,23
2646,13,60,8
2647,30,50,25
2648,71,60,25
2649,37,52.5,16
2650,1,30,8.5
2651,17,50,28
2652,13,60,19
2653,4,30,26
2654,29,37.5,12
2655,80,60,30
2656,12,60,18
2657,13,50,33
2658,22,45,15.66666666
2659,40,60,35
2660,27,50,20
2661,8,30,9
2662,27,30,17.5
2663,27,50,12.66666666
2664,1,30,10
2665,36,50,30
2666,56,62.85714285,35
2667,44,50,31.33333333
2668,15,60,11
2669,33,60,18.66666666
2670,4,30,9
2671,132,30,22
2672,44,50,16
2673,6,30,8
2674,14,40,14
2675,7,50,20
2676,34,37.5,14
2677,43,50,21.33333333
2678,77,40,21.66666666
2679,21,50,8
2680,37,30,19.33333333
2681,37,50,15.33333333
2682,4,30,12.5
2683,28,53.33333333,12
2684,4,53.33333333,16.33333333
2685,7,60,19
2686,46,40,12.5
2687,7,50,16.5
2688,12,50,21.5
2689,5,40,6.5
2690,27,53.33333333,18.33333333
2691,31,45,20
2692,19,40,9
2693,6,50,12.5
2694,53,45,25
2695,23,50,14
2696,15,50,12
2697,23,60,25
2698,56,60,30
2699,27,55,20
2700,25,60,13.5
2701,24,50,30
2702,21,50,12
2703,132,50,30
2704,47,50,29
2705,3,36.66666666,20
2706,81,66.66666666,35
2707,29,66.66666666,35
2708,13,57.5,50
2709,70,60,37.5
2710,23,66.66666666,35
2711,3,43.33333333,5
2712,3,50,20
2713,54,66.66666666,32.5
2714,13,50,17.5
2715,8,50,13.5
2716,7,50,16
2717,40,60,22
2718,78,67.5,48.66666666
2719,23,50,18
2720,13,30,13
2721,66,60,23.33333333
2722,20,50,13.5
2723,26,53.33333333,46
2724,53,50,18
2725,4,30,11.5
2726,41,60,20
2727,1,60,46
2728,14,56.66666666,33
2729,16,48.88888888,23.33333333
2730,24,50,18.5
2731,12,50,15.5
2732,7,50,15.5
2733,15,50,25
2734,31,60,15
2735,49,47.5,40
2736,1,50,5
2737,17,30,8.5
2738,24,38.75,9
2739,28,54.28571428,13.9
2740,3,30,8.5
2741,32,60,20
2742,36,43.33333333,9.5
2743,12,50,15
2744,31,45,10.2
2745,36,60,13.5
2746,57,50,22.25
2747,19,30,18.33333333
2748,18,50,9.5
2749,0,50,25
2750,13,30,6.333333333
2751,8,43.33333333,25
2752,23,35,10
2753,56,47.5,14.33333333
2754,19,36.66666666,11
2755,17,46.66666666,10.5
2756,61,50,15.33333333
2757,30,53.33333333,16.66666666
2758,2,50,8
2759,79,56.66666666,10
2760,5,30,7
2761,1,30,4
2762,13,60,16.5
2763,10,50,10
2764,43,56.66666666,19.66666666
2765,42,45,23
2766,78,43.33333333,26
2767,6,30,5
2768,37,50,11
2769,17,56,20
2770,109,37.5,23.33333333
2771,22,30,40
2772,12,30,7.5
2773,35,52.5,24.33333333
2774,43,43.33333333,12
2775,7,52.5,40
2776,6,60,23
2777,71,48,35
2778,23,43.33333333,12.33333333
2779,26,42,22.8
2780,13,60,20.5
2781,85,62.5,30
2782,44,50,23
2783,25,50,15.86666666
2784,37,50,16.75
2785,84,50,30
2786,19,62.5,40
2787,0,50,8
2788,75,45,22.5
2789,16,30,33
2790,63,54.28571428,27.5
2791,2,30,8
2792,27,30,12
2793,40,45,14.33333333
2794,2,30,5.25
2795,50,47.5,21.66666666
2796,32,40,16.5
2797,56,30,20
2798,1,53.33333333,19.957
2799,13,36.66666666,15
2800,15,46.66666666,22.5
2801,15,35,19
2802,11,50,20
2803,86,55,30
2804,23,30,13
2805,47,60,25
2806,44,50,28.33333333
2807,8,60,30
2808,42,55,22
2809,34,47.14285714,19
2810,14,53.33333333,24.957
2811,22,40,10.66666666
2812,6,40,4.666666666
2813,3,40,15
2814,1,50,7.333333333
2815,76,30,14
2816,7,60,35
2817,98,32.5,17.5
2818,13,50,19.5
2819,20,60,20
2820,15,30,10.5
2821,67,50,15.66666666
2822,47,60,22.5
2823,6,40,14
2824,26,32.5,11
2825,66,50,27.5
2826,45,50,12.66666666
2827,12,50,20
2828,39,53.33333333,25
2829,23,60,9.25
2830,49,50,21.5
2831,11,30,8
2832,44,37.5,20
2833,12,30,7
2834,26,50,21.5
2835,4,30,6.5
2836,17,30,7.5
2837,4,30,8
2838,27,50,19
2839,12,37.5,15
2840,35,47.5,27.5
2841,14,36.66666666,12
2842,8,30,9.351333333
2843,7,30,7
2844,11,36.66666666,12
2845,36,53.33333333,25
2846,17,30,11.93333333
2847,16,50,12.75
2848,26,50,20.5
2849,86,45,25.5
2850,58,48,17
2851,57,60,21.5
2852,34,50,16.5
2853,3,30,7
2854,2,36.66666666,10
2855,2,36.66666666,10
2856,0,53.33333333,10
2857,2,60,9
2858,0,60,8
2859,1,60,8
2860,5,52.5,12.66666666
2861,0,50,8.333333333
2862,1,50,9.5
2863,8,30,16.5
2864,4,60,10.5
2865,4,60,11
2866,0,30,3.5
2867,21,53.33333333,21
2868,11,60,8.333333333
2869,8,30,9.333333333
2870,3,50,10.5
2871,0,60,8
2872,6,60,8
2873,7,50,8.5
2874,6,40,20
2875,2,55,8
2876,6,30,10
2877,6,30,7.5
2878,9,50,15
2879,47,46.66666666,12.33333333
2880,2,30,9
2881,0,30,3
2882,3,30,8
2883,24,36.66666666,14.5
2884,0,30,4.5
2885,2,60,7.5
2886,3,50,6
2887,0,50,6.5
2888,16,30,8
2889,0,50,7
2890,43,45,21
2891,31,60,20
2892,0,40,5.5
2893,9,30,10.5
2894,5,30,9
2895,37,60,13.5
2896,18,30,11
2897,5,50,7
2898,83,62.5,20.6
2899,1,30,9
2900,2,53.33333333,6.5
2901,9,50,5.5
2902,1,30,6
2903,9,60,7
2904,2,30,6.25
2905,78,45,15
2906,3,30,9
2907,15,60,12.5
2908,54,50,9
2909,9,50,10.66666666
2910,5,50,7
2911,52,60,21
2912,7,30,5.5
2913,64,50,11
2914,10,56.66666666,13.5
2915,35,57.5,9.333333333
2916,7,30,9
2917,45,56.66666666,12
2918,78,66.66666666,17.5
2919,12,30,13
2920,146,52.5,24.33333333
2921,42,60,21
2922,57,50,19.5
2923,53,35,10.66666666
2924,5,30,9.666666666
2925,58,55.71428571,15.5
2926,8,30,14.5
2927,30,50,21
2928,13,30,12
2929,33,30,10.33333333
2930,59,65,16.33333333
2931,43,50,14.66666666
2932,38,30,12.5
2933,130,52.5,21.66666666
2934,18,66.66666666,11
2935,8,30,11.33333333
2936,30,60,12.66666666
2937,32,50,9.333333333
2938,41,52.5,11
2939,10,60,8.5
2940,6,30,13
2941,40,60,8
2942,15,45,16.75
2943,8,30,8.666666666
2944,93,47.5,17.66666666
2945,29,55,13.5
2946,25,37.5,17.5
2947,83,60,13
2948,4,30,5.75
2949,98,60,30.66666666
2950,20,50,10.66666666
2951,37,36.66666666,10.75
2952,9,50,13.33333333
2953,31,50,14.33333333
2954,17,60,16.33333333
2955,9,60,9
2956,67,60,17.33333333
2957,11,30,4.5
2958,7,30,22
2959,37,55.71428571,11.75
2960,64,45,18.5
2961,22,52.5,10.5
2962,29,56,32
2963,13,50,10.5
2964,62,37.5,17.2
2965,28,45,18.5
2966,16,30,9
2967,6,60,6
2968,67,50,23.5
2969,12,50,14
2970,6,45,8
2971,6,30,7.5
2972,23,52.5,12.33333333
2973,45,53.33333333,19.85714285
2974,28,52.5,15.66666666
2975,48,47.14285714,13
2976,33,52.85714285,15
2977,39,50,21
2978,171,60,26
2979,114,55,21
2980,37,55.71428571,13.5
2981,61,50,17.66666666
2982,36,50,21.5
2983,0,30,10.5
2984,1,26.66666666,9.666666666
2985,7,30,8
2986,62,50,32
2987,53,52.5,15.66666666
2988,10,30,6.333333333
2989,60,50,24
2990,42,50,12.66666666
2991,20,50,19.5
2992,14,30,6
2993,60,50,16.66666666
2994,91,63.33333333,22.5
2995,58,45,14.66666666
2996,92,55,26.25
2997,6,30,9.333333333
2998,55,50,12.66666666
2999,29,50,15
3000,28,46.66666666,21
3001,131,55,20
3002,34,50,18.5
3003,27,46.66666666,12.33333333
3004,51,50,21.5
3005,42,60,17.5
3006,82,53.33333333,27.25
3007,19,36.66666666,20
3008,19,36.66666666,15.5
3009,2,40,14
3010,31,33.33333333,15.66666666
3011,29,36,8
3012,32,46.66666666,11
3013,17,30,8.5
3014,122,51.66666666,36
3015,3,30,12.5
3016,8,50,10
3017,2,30,14
3018,0,50,9
3019,5,60,8
3020,6,42,8.333333333
3021,16,60,12.5
3022,6,45,8
3023,9,60,8
3024,5,45,7.5
3025,22,30,8.5
3026,56,68.33333333,36
3027,4,50,9.5
3028,1,50,8.5
3029,67,45,9
3030,66,66.66666666,24
3031,3,60,9.5
3032,53,50,21.5
3033,58,60,16
3034,36,50,11.66666666
3035,21,30,14
3036,26,30,7.666666666
3037,58,50,20.5
3038,58,50,16
3039,4,50,7.333333333
3040,8,30,8
3041,11,60,15.66666666
3042,126,37.5,11
3043,68,52.5,15
3044,102,60,24.75
3045,7,50,8
3046,9,60,7.5
3047,13,50,16
3048,14,50,7.25
3049,2,50,3.5
3050,28,50,22
3051,12,50,23
3052,68,52.5,14
3053,57,60,17.5
3054,52,60,11
3055,19,50,15.66666666
3056,31,60,14.5
3057,47,60,13
3058,86,45,27
3059,41,30,18.5
3060,20,30,10.66666666
3061,7,30,13
3062,25,30,12
3063,133,45,29.5
3064,59,40,10.75
3065,23,60,16.5
3066,66,48,17.5
3067,12,50,14.5
3068,28,38.57142857,20
3069,16,40,14
3070,13,40,14
3071,52,45,20.33333333
3072,20,62.22222222,21
3073,11,60,21.5
3074,24,50,14.5
3075,9,40,20
3076,14,43.33333333,16.33333333
3077,4,30,9
3078,4,40,8.5
3079,40,53.33333333,24
3080,161,60,36
3081,2,30,13
3082,17,60,48
3083,3,40,20
3084,0,45,13
3085,1,30,20
3086,11,47.5,28
3087,18,60,31
3088,124,60,39.5
3089,23,60,20.5
3090,58,60,29.5
3091,46,45,15
3092,14,50,24
3093,12,36.66666666,10
3094,35,50,20
3095,67,52.5,9.5
3096,58,60,28.5
3097,27,40,20.5
3098,23,53.33333333,37
3099,99,60,36
3100,45,60,17
3101,114,60,34
3102,22,46.66666666,20
3103,64,60,30.5
3104,82,60,16.66666666
3105,90,60,35.5
3106,31,60,30
3107,33,60,16.5
3108,34,50,12.5
3109,25,50,48
3110,19,50,23
3111,61,60,16.66666666
3112,20,50,16.33333333
3113,23,53.33333333,20.5
3114,113,55,28.5
3115,63,52.5,25
3116,21,56.66666666,24.5
3117,7,60,24
3118,9,60,18.5
3119,127,60,48.5
3120,9,60,19
3121,92,60,36
3122,25,60,34
3123,12,50,16
3124,21,60,18
3125,18,50,31
3126,3,37.5,21.5
3127,19,48,17
3128,66,54.44444444,29.8305
3129,134,62.5,36.5
3130,2,32.5,6
3131,2,30,6
3132,26,52.5,25.5
3133,38,36.66666666,12.33333333
3134,33,50,16.5
3135,123,60,40
3136,44,50,17
3137,2,33.33333333,10.5
3138,94,55,40
3139,53,60,21
3140,33,60,27.5
3141,23,47.5,17
3142,63,60,28
3143,73,30,16.66666666
3144,37,60,45
3145,144,45,18.22033333
3146,129,50,32
3147,5,30,10
3148,7,40,16
3149,11,36.66666666,10.5
3150,19,50,17.66666666
3151,42,30,17
3152,49,52.5,21.5
3153,6,30,11.5
3154,108,52.5,31.5
3155,92,60,53
3156,18,36.66666666,12.5
3157,11,30,15.5
3158,25,56,40.5
3159,12,36.66666666,22
3160,88,62.5,49
3161,79,60,33.5
3162,29,43.33333333,19.5
3163,3,40,29
3164,60,60,17
3165,7,30,8.333333333
3166,33,53.33333333,27
3167,37,37.5,11
3168,89,60,44.5
3169,29,53.33333333,28.5
3170,71,60,31.5
3171,66,50,20
3172,66,52.5,23.5
3173,5,30,12.5
3174,21,50,19.5
3175,20,55,20
3176,8,50,8
3177,5,60,10
3178,29,60,30.5
3179,123,50,42.66666666
3180,0,36.66666666,15.5
3181,33,60,32
3182,11,30,12
3183,29,35,24
3184,28,55,23.66666666
3185,94,62.5,34.5
3186,128,60,38.5
3187,4,60,31
3188,31,45,11
3189,27,37.5,10.5
3190,3,60,24
3191,15,50,18.5
3192,3,40,10
3193,27,45,11.33333333
3194,31,45,12.5
3195,25,45,10.66666666
3196,11,60,23.5
3197,25,52.5,22.75
3198,14,50,19
3199,35,50,33.66666666
3200,61,47.5,16.33333333
3201,25,60,11.5
3202,4,50,15
3203,14,50,36.5
3204,1,30,17
3205,69,52.5,18.66666666
3206,118,55,39
3207,8,40,15.33333333
3208,26,60,13
3209,25,52.5,25.5
3210,13,53.33333333,30
3211,15,50,10
3212,9,60,8.5
3213,42,60,18
3214,17,60,19.5
3215,5,60,31
3216,25,66.66666666,21.5
3217,75,63.33333333,34
3218,28,60,19.5
3219,24,60,34.5
3220,66,60,26
3221,11,50,27.5
3222,27,60,31
3223,28,60,22
3224,15,52.5,14.33333333
3225,3,60,31
3226,19,37.5,15
3227,84,55,34.5
3228,23,60,17
3229,18,60,36
3230,76,52.5,40
3231,97,62.5,32.5
3232,71,45,20.66666666
3233,39,47.5,19.33333333
3234,37,60,26.5
3235,18,40,16.66666666
3236,26,50,46
3237,32,45,16.33333333
3238,98,57.5,46.66666666
3239,54,40,19.33333333
3240,59,57.5,49
3241,114,67.5,33.33333333
3242,6,50,11.5
3243,5,30,10.33333333
3244,7,40,11.5
3245,44,53.33333333,60
3246,72,62.5,51.5
3247,94,60,30
3248,27,45,18
3249,90,53.33333333,45.33333333
3250,10,30,18.5
3251,18,50,12
3252,18,30,13.5
3253,20,66.66666666,45
3254,25,55,19.33333333
3255,23,45,16.33333333
3256,7,50,13.5
3257,3,30,8.5
3258,6,30,10
3259,50,52.5,45
3260,8,30,15.33333333
3261,40,47.5,17.33333333
3262,49,52.5,21.5
3263,13,46.66666666,14.5
3264,11,60,45.33333333
3265,25,50,36
3266,56,60,24
3267,44,56.66666666,45
3268,7,50,12.33333333
3269,11,50,22
3270,0,30,8.5
3271,7,50,42
3272,20,60,17.5
3273,2,30,20.5
3274,22,52.5,15
3275,16,50,11.5
3276,7,30,8.5
3277,15,50,22
3278,23,53.33333333,16.5
3279,41,50,58
3280,7,30,13.33333333
3281,51,62.5,53.75
3282,23,60,43
3283,57,60,30.5
3284,40,52.5,16.66666666
3285,6,30,8.5
3286,15,55,10.5
3287,3,60,13
3288,34,53.33333333,13.5
3289,7,30,12.5
3290,2,60,30.5
3291,26,45,19.66666666
3292,8,60,8.666666666
3293,15,55,11.5
3294,1,30,19
3295,2,60,35
3296,12,53.33333333,23.5
3297,1,60,12
3298,16,60,12.5
3299,18,55,16
3300,23,50,16
3301,12,50,20.5
3302,47,60,26
3303,31,60,17.66666666
3304,60,50,45
3305,66,52.5,25.5
3306,54,60,43.5
3307,13,30,17
3308,3,30,5.333333333
3309,16,30,11
3310,24,30,15.5
3311,2,30,7
3312,32,52.5,19.5
3313,4,50,13
3314,7,40,13
3315,0,30,37
3316,14,50,20
3317,3,50,17
3318,6,50,29
3319,22,50,14.33333333
3320,56,60,30.33333333
3321,0,30,11.5
3322,20,50,13.33333333
3323,6,37.5,13.33333333
3324,27,50,11.5
3325,7,30,11.5
3326,75,55,25
3327,3,30,7.333333333
3328,32,50,15.66666666
3329,16,54,16.5
3330,21,47.14285714,30
3331,17,36.66666666,10.33333333
3332,28,43.33333333,18.66666666
3333,9,30,9
3334,26,30,10.5
3335,5,30,10
3336,12,30,8.333333333
3337,108,60,32.5
3338,20,60,19
3339,100,52.5,36
3340,4,52.5,34.5
3341,22,52.5,25
3342,2,40,40
3343,5,30,11
3344,15,60,18.5
3345,52,60,19
3346,10,52.5,20
3347,9,45,12
3348,8,50,10.5
3349,20,57.5,19.33333333
3350,1,40,20
3351,3,30,20
3352,4,40,20
3353,95,50,22.5
3354,45,45,23.5
3355,6,45,30
3356,10,40,10.66666666
3357,0,40,18
3358,9,45,9
3359,21,60,29
3360,31,40,11.33333333
3361,24,55,21.33333333
3362,9,45,11.66666666
3363,31,30,10.66666666
3364,49,40,26
3365,5,50,17.5
3366,6,30,7.666666666
3367,43,30,17
3368,8,40,29
3369,9,52.5,23.66666666
3370,46,40,16
3371,14,50,10
3372,5,50,12.5
3373,8,50,9
3374,33,50,19.5
3375,6,60,17
3376,6,30,14.5
3377,24,47.5,14.66666666
3378,4,50,17
3379,97,60,22.33333333
3380,1,30,14
3381,43,30,22
3382,25,63.33333333,21
3383,7,30,10
3384,104,45,29.5
3385,0,30,8
3386,30,60,19.66666666
3387,22,42,15
3388,4,30,8
3389,2,30,7
3390,4,30,15
3391,12,50,19
3392,2,33.33333333,6
3393,19,50,20
3394,25,47.5,30
3395,109,60,27.5
3396,37,37.5,16
3397,9,40,9
3398,29,36,14
3399,49,60,15.66666666
3400,68,45,15
3401,6,50,29
3402,14,50,16.5
3403,19,50,18.5
3404,6,50,4
3405,41,55,35
3406,11,50,17.5
3407,6,50,29
3408,80,52.5,25
3409,12,52.5,20
3410,24,50,17.5
3411,14,50,30
3412,82,60,29.5
3413,35,50,26
3414,22,60,10.66666666
3415,19,45,15.5
3416,36,50,22.33333333
3417,20,50,18.5
3418,45,40,12.66666666
3419,21,60,18
3420,16,30,18
3421,84,45,26.33333333
3422,10,50,14.5
3423,8,60,9.333333333
3424,17,60,9.666666666
3425,6,50,30
3426,35,60,17
3427,25,30,18
3428,29,50,25.5
3429,13,45,8
3430,17,52.5,14
3431,19,40,23.5
3432,42,60,14
3433,42,52.5,18.5
3434,16,45,11
3435,14,40,12.5
3436,18,60,13
3437,23,30,23
3438,23,73.33333333,23
3439,12,30,18
3440,15,60,24
3441,16,45,13
3442,44,60,12
3443,29,70,18.5
3444,10,40,11.33333333
3445,23,60,19.5
3446,33,30,18.25
3447,15,73.33333333,23
3448,27,50,22
3449,7,30,14.5
3450,35,60,24
3451,17,40,12.33333333
3452,42,52.5,20.75
3453,74,60,18.25
3454,24,40,13.5
3455,57,50,18.75
3456,97,60,22.25
3457,82,70,36
3458,17,40,18
3459,72,50,31.5
3460,124,54,26.66666666
3461,32,36,10
3462,37,73.33333333,23
3463,12,55,19
3464,11,60,24
3465,63,52.5,34.5
3466,12,50,6.333333333
3467,14,60,19
3468,17,73.33333333,23
3469,21,45,7.666666666
3470,13,33.33333333,19
3471,33,60,24
3472,3,30,5.5
3473,15,50,23
3474,12,50,7
3475,12,65,31.5
3476,2,50,7
3477,8,40,17.5
3478,8,48,17
3479,24,60,32
3480,20,50,23
3481,5,30,14.5
3482,4,40,11
3483,17,30,7.333333333
3484,16,60,23
3485,54,50,23
3486,21,40,20
3487,55,55,21.5
3488,63,45,24.66666666
3489,17,40,17
3490,15,40,15
3491,29,42,18
3492,17,40,23
3493,10,60,23
3494,8,30,13
3495,20,45,24.5
3496,16,40,7.666666666
3497,18,50,24
3498,14,45,23
3499,36,40,18
3500,66,50,35
3501,40,50,23.5
3502,3,50,18
3503,25,30,18.5
3504,72,50,22
3505,18,50,11
3506,25,66.66666666,29.66666666
3507,75,32.5,23.5
3508,4,40,23
3509,4,60,23
3510,7,30,13.5
3511,5,50,23
3512,38,37.5,20.66666666
3513,37,60,34.66666666
3514,20,30,17
3515,28,60,23
3516,26,40,23.5
3517,5,36.66666666,23
3518,10,46.66666666,23
3519,6,50,23
3520,28,60,23
3521,31,37.5,18.5
3522,55,50,23
3523,7,30,18.5
3524,25,73.33333333,31.5
3525,28,45,18.5
3526,23,50,21.5
3527,37,50,23
3528,22,45,34
3529,24,50,16.5
3530,88,60,22.5
3531,27,53.33333333,24
3532,31,45,18.5
3533,67,54,24
3534,24,53.33333333,34.5
3535,11,73.33333333,32
3536,11,60,27.25
3537,35,50,23
3538,31,50,24
3539,35,60,36.5
3540,16,60,24.5
3541,14,50,20.5
3542,14,50,24
3543,11,50,23
3544,6,50,23
3545,17,45,19.5
3546,10,60,30.25
3547,14,30,18.5
3548,32,42,18.5
3549,14,60,26.5
3550,24,50,24
3551,28,60,23
3552,6,60,24
3553,15,50,18.5
3554,9,50,18.5
3555,13,52,13
3556,3,60,23
3557,19,57.14285714,26
3558,42,60,26.5
3559,19,40,29
3560,38,70,30
3561,5,35.71428571,6.5
3562,2,37.14285714,10
3563,56,70,22.5
3564,14,35.71428571,8.5
3565,5,30,10
3566,16,45,30
3567,1,30,10.33333333
3568,19,60,9.5
3569,10,60,13.5
3570,14,30,8
3571,19,50,15.33333333
3572,10,45,13
3573,17,45,15
3574,14,60,17.5
3575,60,60,22.5
3576,17,37.5,15
3577,11,54,19.5
3578,10,60,15
3579,57,60,16.66666666
3580,10,60,19.66666666
3581,31,52.5,24
3582,45,45,25
3583,41,57.5,27.5
3584,48,52.5,32.5
3585,2,60,10
3586,8,60,8
3587,35,37.5,25
3588,4,46.66666666,9.666666666
3589,8,60,12
3590,28,37.5,23.33333333
3591,0,46.66666666,9
3592,6,60,16.5
3593,43,61.66666666,16
3594,5,60,13
3595,24,37.5,17.5
3596,27,56,24
3597,6,35,11
3598,13,50,21.5
3599,11,43.33333333,14
3600,5,30,12.66666666
3601,22,40,15.33333333
3602,2,30,8
3603,111,60,37.5
3604,2,50,7
3605,5,60,21.66666666
3606,11,60,18.5
3607,9,40,12
3608,3,45,7
3609,18,30,22
3610,28,60,23
3611,11,46.66666666,22.5
3612,4,37.5,8
3613,72,50,23.33333333
3614,29,45,26.66666666
3615,15,66.66666666,21.66666666
3616,11,50,30
3617,21,60,25
3618,15,60,19
3619,4,45,7
3620,14,60,20
3621,61,52.5,22.5
3622,6,30,10.33333333
3623,36,57.5,25
3624,3,30,12
3625,14,60,40
3626,72,45,17
3627,99,60,30
3628,167,60,25
3629,20,60,27.5
3630,47,60,22.5
3631,25,50,13.33333333
3632,8,50,20
3633,20,40,15.33333333
3634,12,37.5,12
3635,33,50,16
3636,122,60,35
3637,93,66.66666666,32.5
3638,76,60,30
3639,245,52.5,32.5
3640,125,60,22.5
3641,63,57.5,22.5
3642,1,60,17.5
3643,18,50,14.33333333
3644,16,60,13.33333333
3645,15,50,15.33333333
3646,8,60,15
3647,15,45,16
3648,50,60,16.66666666
3649,3,50,15
3650,56,60,18.66666666
3651,28,45,16.66666666
3652,25,60,15.5
3653,5,60,17.5
3654,20,60,13.33333333
3655,12,37.5,15.33333333
3656,15,60,16
3657,67,47.5,27.5
3658,26,40,17
3659,36,63.33333333,26
3660,2,60,13
3661,44,50,25
3662,1,60,16
3663,2,50,15
3664,6,60,14
3665,5,37.5,9.333333333
3666,98,52.5,27.5
3667,23,60,20
3668,108,52.5,18
3669,2,60,9.5
3670,24,52.5,20
3671,66,45,30
3672,63,52.5,25
3673,3,60,17.5
3674,62,60,32.5
3675,102,60,32.5
3676,14,30,13
3677,27,50,22.66666666
3678,14,60,16
3679,35,36.66666666,13.66666666
3680,6,50,15.5
3681,22,50,14
3682,3,50,12.5
3683,21,45,13.66666666
3684,14,60,10.5
3685,5,60,11.66666666
3686,93,35,22.66666666
3687,5,50,17
3688,46,47.5,22.5
3689,19,50,35.33333333
3690,60,55,22.5
3691,126,50,35
3692,38,52.5,18.33333333
3693,20,45,14.66666666
3694,5,50,18
3695,23,45,22.66666666
3696,13,50,19.5
3697,15,60,18
3698,25,45,15.33333333
3699,45,60,25
3700,29,40,17
3701,208,60,40
3702,6,60,10.5
3703,9,40,10.66666666
3704,93,50,35
3705,2,30,7.333333333
3706,14,30,13
3707,17,30,13
3708,19,50,22.5
3709,23,30,11.33333333
3710,16,60,13
3711,34,60,20
3712,14,30,10.66666666
3713,74,52.5,20
3714,80,45,22.5
3715,50,60,11.75
3716,69,60,24
3717,124,60,38
3718,129,40.9090909,30
3719,70,45,15.33333333
3720,37,60,20
3721,16,60,13
3722,16,60,12.66666666
3723,136,52.5,22.5
3724,20,40,13
3725,23,60,25
3726,38,46.66666666,7
3727,18,40,13
3728,105,60,35
3729,26,60,20
3730,97,52.5,25
3731,4,30,7
3732,41,45,12
3733,141,54.54545454,21.4
3734,8,50,6
3735,39,60,18.66666666
3736,2,52.5,5.333333333
3737,65,60,30
3738,78,50,30
3739,22,46.66666666,16.5
3740,74,50,28.33333333
3741,0,60,6
3742,31,60,35
3743,5,60,7
3744,0,60,5
3745,8,60,26
3746,6,60,30
3747,2,60,8
3748,15,60,15.5
3749,1,60,8
3750,7,50,10.5
3751,4,60,12.5
3752,43,40,30
3753,56,45,10.16666666
3754,37,60,45
3755,7,40,9.333333333
3756,127,50,20
3757,46,50,31.66666666
3758,5,37.5,12.5
3759,2,40,15
3760,13,45,19.33333333
3761,9,60,16
3762,53,46.66666666,20
3763,37,50,12.25
3764,17,46.66666666,16
3765,11,40,16
3766,80,50,27.5
3767,12,60,31.66666666
3768,18,60,35
3769,8,50,30
3770,7,60,15
3771,6,50,15
3772,8,50,35
3773,87,52.5,25.75
3774,7,50,10.2
3775,10,50,12
3776,41,36.66666666,22.5
3777,21,50,15.33333333
3778,14,50,50
3779,6,40,12
3780,26,50,20.75
3781,60,57.5,30
3782,24,60,50
3783,10,60,7
3784,59,60,29
3785,29,50,50
3786,4,60,9
3787,6,50,10.33333333
3788,8,60,8
3789,39,40,18
3790,3,60,11.5
3791,68,60,28.33333333
3792,11,30,14.66666666
3793,83,60,26.66666666
3794,6,60,8
3795,6,60,8
3796,24,60,32.5
3797,19,50,37.5
3798,14,40,19
3799,35,52.5,26
3800,43,60,21
3801,68,52.5,37.5
3802,28,46.66666666,16
3803,10,53.33333333,35
3804,5,60,25
3805,33,52.5,23.5
3806,6,50,9.5
3807,9,60,29.5
3808,56,50,34
3809,32,60,22.5
3810,4,50,22.5
3811,4,60,20
3812,4,60,14.5
3813,6,36.66666666,20
3814,105,52.5,35
3815,26,60,22.5
3816,48,60,24.33333333
3817,29,60,20
3818,5,60,15.5
3819,8,60,14.5
3820,8,60,25
3821,13,50,35
3822,20,60,11
3823,30,50,30
3824,174,56,27.5
3825,2,60,9.5
3826,14,60,14.33333333
3827,75,60,20
3828,5,46.66666666,21.33333333
3829,11,60,11.5
3830,12,46.66666666,18
3831,14,60,14
3832,31,55,19
3833,46,60,23.5
3834,5,60,11.5
3835,11,60,23.5
3836,53,53.33333333,22.5
3837,65,52.5,35
3838,13,60,35
3839,27,52.5,35
3840,38,60,15.5
3841,32,50,27.5
3842,34,60,22.5
3843,16,66.66666666,23.5
3844,5,50,17
3845,12,60,17.5
3846,9,50,19.5
3847,10,60,13
3848,27,60,30
3849,6,60,10
3850,10,62.5,27
3851,10,60,30
3852,11,63.33333333,14
3853,21,50,23
3854,20,50,18
3855,2,40,12
3856,7,60,15
3857,4,45,7.666666666
3858,15,50,11.66666666
3859,10,60,10
3860,23,60,14.66666666
3861,28,60,15
3862,10,54,9.333333333
3863,44,52.5,23.5
3864,6,60,16.5
3865,16,60,20.5
3866,39,60,23.5
3867,9,50,17
3868,44,55,25
3869,44,60,23.4
3870,3,50,3.5
3871,17,60,17
3872,20,60,17.5
3873,17,36.66666666,30
3874,13,50,34
3875,5,60,15
3876,144,52.5,30.66666666
3877,3,50,15.5
3878,44,53.33333333,14
3879,18,45,20
3880,27,60,17.5
3881,84,55,27
3882,14,60,25
3883,18,43.33333333,14
3884,48,60,24
3885,26,50,14.66666666
3886,14,60,20
3887,11,60,15
3888,11,36.66666666,16.66666666
3889,84,53.33333333,30
3890,22,50,15.5
3891,45,60,14
3892,27,53.33333333,30
3893,13,36.66666666,15.33333333
3894,44,60,22.5
3895,15,36.66666666,15
3896,18,60,13.66666666
3897,67,60,21.33333333
3898,25,53.33333333,22.33333333
3899,46,60,15.66666666
3900,76,60,28
3901,5,50,18.5
3902,6,60,19
3903,2,50,9.5
3904,11,60,8.5
3905,21,50,25.5
3906,80,60,23.66666666
3907,21,60,24
3908,16,60,18.33333333
3909,34,50,12.33333333
3910,90,60,33.5
3911,56,60,26.2
3912,10,30,9
3913,10,50,16.5
3914,11,30,9.666666666
3915,74,60,26.66666666
3916,4,30,9.5
3917,9,50,16
3918,16,60,11.75
3919,0,30,7.5
3920,30,50,12.66666666
3921,22,50,14.66666666
3922,38,60,11.66666666
3923,9,60,18.66666666
3924,28,50,9
3925,14,53.33333333,21
3926,4,42,17
3927,28,60,14
3928,46,60,6.666666666
3929,94,60,17.66666666
3930,38,60,25.5
3931,21,60,38
3932,9,60,14
3933,54,53.33333333,29
3934,18,60,18
3935,21,52.5,13
3936,7,45,13
3937,21,53.33333333,28.5
3938,14,50,27.5
3939,13,50,11.5
3940,68,60,14.5
3941,31,53.33333333,38.5
3942,45,60,14.5
3943,1,50,8
3944,109,52.5,12.66666666
3945,16,30,8.333333333
3946,7,30,9.5
3947,2,30,7
3948,29,50,14
3949,27,60,9
3950,26,60,15.5
3951,8,50,8.25
3952,74,50,9
3953,59,60,14.5
3954,32,50,10
3955,8,60,22
3956,48,60,21.33333333
3957,47,60,43
3958,26,30,28.33333333
3959,17,60,26
3960,25,60,27
3961,54,45,12.33333333
3962,43,60,32
3963,7,50,25
3964,19,52.5,25
3965,33,53.33333333,18.33333333
3966,80,60,31
3967,20,50,18.33333333
3968,6,30,5
3969,20,30,35
3970,0,30,8
3971,9,40,19
3972,2,30,8
3973,110,53.33333333,26
3974,108,50,25
3975,59,50,24.5
3976,8,30,8.5
3977,4,30,9.3725
3978,8,30,14.5
3979,12,43.33333333,10.33333333
3980,0,40,9
3981,97,30,22.33333333
3982,8,43.33333333,10
3983,23,33.33333333,12.66666666
3984,1,40,8.5
3985,6,45,8
3986,25,50,20.5
3987,21,40,13
3988,58,52.5,21.66666666
3989,10,40,6.666666666
3990,29,53.33333333,20
3991,58,50,9.666666666
3992,85,50,23.33333333
3993,29,42.5,12
3994,70,42.5,14.33333333
3995,3,50,7
3996,14,60,18
3997,33,50,11.33333333
3998,23,36.66666666,12.5
3999,4,40,7.5
4000,76,55,22.5
4001,42,60,11.25
4002,27,33.33333333,13.5
4003,22,46.66666666,9.333333333
4004,69,45,24
4005,19,60,10.33333333
4006,30,60,23
4007,5,60,5.666666666
4008,34,50,10.66666666
4009,132,60,30
4010,10,60,5.666666666
4011,20,60,10.33333333
4012,20,60,23
4013,34,55,11.66666666
4014,29,60,15.5
4015,6,45,8.666666666
4016,0,30,5.5
4017,17,30,13
4018,4,50,5
4019,20,60,23
4020,29,60,17
4021,1,30,4
4022,72,62.5,27.5
4023,31,42.5,11
4024,97,46,31.66666666
4025,76,65,18
4026,44,52.5,18.33333333
4027,41,57.5,20.5
4028,16,60,15.5
4029,35,30,35
4030,41,37.5,15.33333333
4031,26,30,25
4032,42,42.5,10
4033,7,60,9
4034,91,48,25
4035,140,65,32.5
4036,32,60,21
4037,6,30,6.333333333
4038,63,60,18.33333333
4039,50,60,18
4040,20,60,13.66666666
4041,7,30,10
4042,15,36.66666666,8.666666666
4043,27,50,14
4044,5,30,8
4045,30,40,23.5
4046,61,37.5,15.5
4047,41,30,19.66666666
4048,10,30,9.333333333
4049,23,60,6
4050,9,36.66666666,8.333333333
4051,39,50,32.5
4052,8,30,5.333333333
4053,110,60,18.33333333
4054,66,60,16.66666666
4055,51,53.33333333,25
4056,75,60,21
4057,22,50,14
4058,24,30,9.666666666
4059,28,60,35
4060,88,60,25
4061,42,50,18.5
4062,23,60,19
4063,1,50,17
4064,22,40,15
4065,26,60,15.66666666
4066,15,55,27.5
4067,154,60,35
4068,12,50,17.33333333
4069,10,30,24.5
4070,12,46.66666666,13.5
4071,7,60,9
4072,59,45,18.66666666
4073,34,60,25
4074,26,60,30
4075,17,60,25
4076,21,45,16
4077,104,62.5,32.5
4078,17,37.5,13.33333333
4079,55,60,22.5
4080,5,50,35
4081,12,52.5,12
4082,87,47.5,23.5
4083,55,48.18181818,14.5
4084,62,50,30
4085,38,35,20
4086,16,30,7.5
4087,5,45,35
4088,2,35.71428571,25
4089,11,50,6.5
4090,16,30,25
4091,40,50,35
4092,39,53.33333333,35
4093,2,30,11.5
4094,32,46.66666666,14
4095,87,45,30
4096,30,50,21.5
4097,31,32.5,15.33333333
4098,6,53.33333333,27.5
4099,115,60,35
4100,23,30,15.5
4101,11,50,25
4102,12,30,11.66666666
4103,6,30,14
4104,76,53.33333333,35
4105,20,50,24
4106,113,50,29
4107,0,50,9
4108,1,50,7
4109,0,50,7.5
4110,2,30,6
4111,0,30,5
4112,35,47.14285714,15.5
4113,44,60,25
4114,21,50,13.66666666
4115,33,50,28
4116,72,60,37
4117,23,60,25.66666666
4118,3,50,9
4119,21,50,15.5
4120,27,60,22.25
4121,1,30,9.5
4122,6,60,11
4123,6,60,7
4124,3,53.33333333,10
4125,74,55,39.66666666
4126,17,50,19
4127,29,36.66666666,31
4128,9,60,12
4129,3,30,9.5
4130,3,60,8
4131,19,50,20
4132,6,30,9.3875
4133,3,30,10.66666666
4134,8,30,15.275
4135,22,52.5,14.33333333
4136,7,30,11.85
4137,28,45,26.5
4138,10,30,11.51666666
4139,60,60,24.89825
4140,8,30,8
4141,1,30,10
4142,3,50,17
4143,25,60,19.5
4144,6,60,19.5
4145,31,52.5,21.85
4146,4,30,11.66666666
4147,35,52.5,13.66666666
4148,5,50,8.666666666
4149,0,30,8
4150,42,45,12.25
4151,40,50,24
4152,20,50,15.5
4153,6,30,7
4154,68,60,26
4155,87,60,23
4156,51,52.5,17.5
4157,8,60,12
4158,12,50,12
4159,21,60,12
4160,6,60,16
4161,1,60,14
4162,4,60,14
4163,17,60,17.5
4164,5,43.33333333,16
4165,2,46.66666666,11
4166,16,36.66666666,9.333333333
4167,83,55,19.33333333
4168,2,30,17
4169,18,50,27
4170,39,60,17.5
4171,27,60,12
4172,24,60,26
4173,1,30,8.5
4174,24,50,23.5
4175,11,30,13
4176,13,50,15.5
4177,15,60,23
4178,16,60,12
4179,69,60,46.75
4180,33,56.66666666,100
4181,21,60,10
4182,0,30,7.666666666
4183,20,50,15.5
4184,4,55,40
4185,33,60,28.33333333
4186,38,60,10
4187,10,60,10
4188,16,60,10
4189,0,50,11.5
4190,27,56.66666666,20
4191,90,60,21.66666666
4192,3,60,10
4193,67,60,21.5
4194,19,60,11
4195,32,60,10
4196,18,60,16
4197,33,60,22.5
4198,8,60,11
4199,22,60,20
4200,14,60,18
4201,9,60,8
4202,13,52.5,6.75
4203,52,53.33333333,30
4204,80,57.5,32.5
4205,50,54,30
4206,53,60,15.33333333
4207,14,52.5,13
4208,4,50,13.5
4209,2,50,15
4210,7,40,9
4211,54,50,16.66666666
4212,99,60,30
4213,17,50,16
4214,32,60,16.66666666
4215,220,60,37.5
4216,74,56.66666666,40
4217,50,60,26
4218,25,60,9.5
4219,1,50,7
4220,34,60,14
4221,101,52.5,24.5
4222,3,40,14
4223,42,60,25
4224,19,50,12.5
4225,6,60,13
4226,29,60,10.33333333
4227,121,60,27.5
4228,71,56.66666666,20
4229,24,60,20.5
4230,43,43.33333333,35
4231,19,10,8
4232,34,43.33333333,21.5
4233,17,40,9
4234,31,50,28
4235,72,60,29
4236,2,30,6.333333333
4237,28,47.5,18
4238,34,60,28
4239,91,60,12.75
4240,9,30,13.5
4241,11,60,23.5
4242,147,60,38.33333333
4243,65,56.66666666,37.5
4244,75,52.5,25
4245,49,50,40
4246,126,60,35
4247,15,40,8.5
4248,11,50,7.5
4249,83,60,20.66666666
4250,25,56.66666666,17
4251,17,50,12.66666666
4252,27,50,13.66666666
4253,181,60,32.5
4254,99,56.66666666,17.5
4255,7,30,11.33333333
4256,5,48,12
4257,212,60,30
4258,67,56.66666666,25
4259,10,30,10.2
4260,55,60,16.66666666
4261,35,56.66666666,7
4262,176,58,25.66666666
4263,23,50,30
4264,10,54,10.5
4265,32,50,41
4266,12,50,41
4267,2,30,13
4268,2,30,13
4269,13,50,29.33333333
4270,40,60,30
4271,9,50,41
4272,23,60,30
4273,29,55,30
4274,67,42,10
4275,73,60,35.5
4276,13,50,20
4277,14,48,25
4278,118,60,33
4279,11,48,16
4280,14,48,27.5
4281,4,30,10
4282,28,60,30
4283,16,30,12
4284,21,50,26
4285,28,50,21.5
4286,5,45,11.19766666
4287,12,30,9.5
4288,22,52.5,39
4289,16,50,9.781
4290,34,50,20
4291,2,30,10.986
4292,61,55,50
4293,20,43.33333333,30.986
4294,38,60,18.497
4295,143,57.5,33
4296,25,60,19
4297,19,45,50
4298,30,50,50
4299,24,60,24.52533333
4300,73,60,44
4301,16,60,12.5
4302,3,60,9
4303,29,60,34
4304,7,50,15
4305,10,60,38
4306,39,60,25
4307,22,60,14.52533333
4308,22,50,20
4309,96,60,23
4310,22,50,16.5
4311,2,30,3
4312,41,45,39
4313,8,30,8.666666666
4314,117,60,38.5
4315,11,60,24
4316,33,60,23
4317,78,36,7
4318,134,60,38.5
4319,46,60,23
4320,88,60,34.5
4321,60,50,39
4322,4,46.66666666,20.5
4323,25,50,18.5
4324,7,40,21.5
4325,21,50,20.926
4326,6,30,11.926
4327,40,50,39
4328,9,50,12
4329,23,50,27
4330,153,60,35
4331,11,50,26
4332,63,53.33333333,40
4333,59,60,25
4334,5,30,34
4335,23,60,20
4336,88,56.66666666,39.5
4337,6,55,17
4338,38,60,23.5
4339,14,60,18.5
4340,16,30,5
4341,18,45,4.5
4342,9,60,12.66666666
4343,44,55.71428571,20.33333333
4344,7,60,22
4345,45,56.66666666,17
4346,14,50,23
4347,61,60,23.5
4348,37,60,13.33333333
4349,12,50,10
4350,55,52.5,18
4351,30,60,20
4352,30,60,16.66666666
4353,33,60,17.5
4354,11,50,8.666666666
4355,9,60,14
4356,50,60,25
4357,85,60,27.5
4358,48,60,22.5
4359,16,45,14.33333333
4360,73,60,26.66666666
4361,0,33.33333333,7
4362,18,60,16.33333333
4363,14,53.33333333,25
4364,15,45,20
4365,48,56.66666666,35
4366,13,60,22.5
4367,67,60,32.5
4368,54,60,27.5
4369,108,60,26
4370,21,60,14.66666666
4371,22,50,21
4372,24,60,25
4373,23,50,19.299
4374,105,60,37.5
4375,59,60,13.33333333
4376,26,55,7
4377,47,45,15.66666666
4378,55,60,32
4379,9,30,12
4380,14,50,25
4381,9,30,10
4382,97,60,27.5
4383,63,50,18.5
4384,72,52.5,22.5
4385,101,56.66666666,25
4386,78,60,30
4387,7,60,11.66666666
4388,16,50,30
4389,93,60,34.33333333
4390,25,60,34.5
4391,4,38,5.5
4392,20,55,10.586
4393,12,53.33333333,37.5
4394,24,60,23
4395,53,60,16.862
4396,15,60,9
4397,18,60,10
4398,45,60,23.5
4399,82,60,21
4400,20,60,9.615
4401,46,60,16
4402,44,52.5,20.94833333
4403,100,56.66666666,28
4404,65,60,22.66666666
4405,26,50,17
4406,117,60,33.5
4407,6,60,12
4408,61,56.66666666,10.817
4409,23,60,13.7634
4410,79,60,21
4411,67,50,24
4412,72,56.66666666,24.5
4413,87,52.5,27.25
4414,16,50,15.25
4415,123,60,27
4416,15,60,14.5
4417,39,43.33333333,16
4418,11,50,15
4419,30,53.33333333,19.5
4420,34,50,20
4421,30,50,15.66666666
4422,6,48,14
4423,21,60,15
4424,30,60,14
4425,36,30,13.66666666
4426,45,60,23
4427,37,60,16.5
4428,97,60,30.5
4429,26,36.66666666,14.33333333
4430,31,60,14.5
4431,23,52.5,15.5
4432,36,60,15
4433,60,52.5,26.33333333
4434,40,60,15.5
4435,60,60,23.5
4436,23,60,19.5
4437,60,50,20
4438,54,50,14
4439,37,60,26
4440,68,52.5,18
4441,41,40,14.5
4442,25,60,25
4443,37,55,16
4444,89,52.5,19.66666666
4445,61,60,8.8
4446,51,60,25
4447,11,60,10.33333333
4448,162,47.5,29.5
4449,34,60,14
4450,5,60,9
4451,139,60,28.5
4452,89,45,20.66666666
4453,122,55,23.66666666
4454,54,50,25
4455,149,50,25
4456,190,52.5,31
4457,52,60,26.33333333
4458,193,60,37
4459,27,52.5,40
4460,8,50,7
4461,15,60,13.66666666
4462,16,60,15.5
4463,11,50,11
4464,83,60,18.5
4465,67,35,13
4466,52,30,11.5
4467,9,52.5,11
4468,31,60,16
4469,26,50,13.5
4470,81,60,21.5
4471,8,60,15
4472,1,50,10.5
4473,1,30,9.5
4474,5,30,8.5
4475,28,40,13
4476,28,40,12.33333333
4477,115,60,23
4478,19,46.66666666,10.66666666
4479,14,50,14
4480,57,60,11
4481,17,50,9.5
4482,59,43.33333333,14.83333333
4483,7,60,18
4484,130,60,18.5
4485,6,60,14
4486,54,60,21.5
4487,24,60,11.75
4488,9,40,13.5
4489,7,50,18
4490,118,55,17.5
4491,39,60,20.5
4492,12,45,7.4
4493,111,60,29
4494,50,50,11.66666666
4495,106,50,14.5
4496,39,36.66666666,9.5
4497,6,30,15
4498,24,50,14
4499,4,40,20
4500,27,50,22
4501,1,30,11.5
4502,4,60,11
4503,6,50,17.5
4504,40,60,13
4505,24,50,12.75
4506,50,60,13
4507,16,60,21.5
4508,58,60,19.5
4509,5,30,6.5
4510,4,30,14.5
4511,22,50,34
4512,8,50,16
4513,6,60,11.5
4514,5,30,12
4515,32,52.5,14.33333333
4516,109,52.5,21.33333333
4517,40,60,18
4518,28,50,17
4519,17,47.5,17
4520,21,60,14.33333333
4521,68,54.28571428,14.66666666
4522,89,60,23
4523,49,60,21
4524,61,57.5,23.5
4525,15,50,13.66666666
4526,32,55,18.66666666
4527,12,50,10
4528,15,53.33333333,10.33333333
4529,5,50,8.5
4530,58,56.66666666,22.5
4531,23,52.5,10
4532,90,60,21
4533,76,55,18.66666666
4534,49,60,10.33333333
4535,13,36.66666666,11.5
4536,15,60,20
4537,13,60,21.5
4538,9,46.66666666,14
4539,9,48,15
4540,49,53.33333333,19.33333333
4541,42,60,11
4542,45,60,16.5
4543,6,60,15
4544,7,60,15
4545,6,50,15
4546,14,60,17.5
4547,48,60,17.33333333
4548,90,42.5,16.66666666
4549,109,50,23.33333333
4550,58,60,16.66666666
4551,15,40,7.666666666
4552,9,50,9
4553,7,40,8
4554,22,53.33333333,19.5
4555,107,60,21.5
4556,14,45,17
4557,64,60,15
4558,185,60,27.5
4559,19,50,14.5
4560,69,55,13.66666666
4561,10,45,15
4562,46,60,20
4563,37,60,20.5
4564,43,60,22.53266666
4565,29,45,10.5
4566,51,50,23
4567,1,40,26.598
4568,7,50,25
4569,1,30,24.299
4570,13,37.5,12
4571,3,30,9
4572,6,30,6.5
4573,3,40,15
4574,9,30,9.5
4575,9,50,10.5
4576,70,60,23
4577,1,50,14.5
4578,29,60,34
4579,29,50,6
4580,2,50,12.5
