no,acc_count1,acc_count2,acc_count3
1,248,52.5,41.66666666
2,245,52.5,32.5
3,220,60,37.5
4,212,60,30
5,208,57.5,34.66666666
6,208,60,40
7,199,60,40.5
8,197,50,32.5
9,197,65,35
10,194,60,40
11,194,47.5,27.5
12,193,60,37
13,190,52.5,31
14,186,60,30
15,185,50,19.33333333
16,185,60,27.5
17,184,60,30
18,181,60,32.5
19,180,60,32.5
20,176,54,26
21,176,65,35
22,176,58,25.66666666
23,174,50,33.5
24,174,56,27.5
25,173,60,40
26,172,57.5,24.66666666
27,172,60,30
28,171,60,37.5
29,171,60,26
30,169,55,35.5
31,168,60,45
32,167,60,25
33,164,60,30
34,164,60,34
35,163,75,20
36,162,65,37.5
37,162,47.5,29.5
38,161,60,36
39,159,60,42
40,159,60,38
41,154,60,36
42,154,60,35
43,153,60,35
44,153,60,35
45,149,60,40
46,149,57.5,26
47,149,50,25
48,148,55,22.5
49,147,60,38.33333333
50,146,52.5,24.33333333
51,144,60,26.5
52,144,60,32.33333333
53,144,45,18.22033333
54,144,52.5,30.66666666
55,143,60,35
56,143,35,25
57,143,57.5,33
58,142,60,37.5
59,142,60,36
60,142,60,32.5
61,141,60,30
62,141,54.54545454,21.4
63,140,65,32.5
64,139,58.57142857,31.25
65,139,60,28.5
66,137,60,33
67,137,60,19
68,137,57.5,31
69,136,52.5,22.5
70,135,60,31.4
71,134,48,40
72,134,60,30
73,134,60,16.66666666
74,134,52.5,35.5
75,134,62.5,36.5
76,134,60,38.5
77,133,60,33.5
78,133,57.5,28.33333333
79,133,45,29.5
80,132,30,22
81,132,50,30
82,132,60,30
83,131,62.5,30
84,131,55,20
85,130,52.5,13.4
86,130,60,20
87,130,60,40
88,130,60,25
89,130,52.5,21.66666666
90,130,60,18.5
91,129,60,33
92,129,50,32
93,129,40.9090909,30
94,128,55,29
95,128,60,34.66666666
96,128,60,38.5
97,127,60,37.5
98,127,60,15.66666666
99,127,60,20.33333333
100,127,60,20.33333333
101,127,60,48.5
102,127,50,20
103,126,70,36.5
104,126,37.5,11
105,126,50,35
106,126,60,35
107,125,56.66666666,35.66666666
108,125,60,22.5
109,124,55,25
110,124,60,39.5
111,124,54,26.66666666
112,124,60,38
113,123,53.33333333,29.5
114,123,60,40
115,123,50,42.66666666
116,123,60,27
117,122,60,20
118,122,50,22.66666666
119,122,51.66666666,36
120,122,60,35
121,122,55,23.66666666
122,121,55,21
123,121,60,27.5
124,120,62.5,50.5
125,120,60,39.5
126,120,56.66666666,32
127,119,60,32.5
128,119,40,30
129,119,60,35
130,119,63.33333333,20
131,118,55,39
132,118,60,33
133,118,55,17.5
134,117,60,24.5
135,117,55,20
136,117,60,20
137,117,60,38.5
138,117,60,33.5
139,116,60,45
140,116,52.5,27
141,116,52.5,20
142,116,53.33333333,24.5
143,115,60,21
144,115,60,21
145,115,60,35
146,115,60,23
147,114,55,21
148,114,60,34
149,114,67.5,33.33333333
150,113,60,35.25
151,113,60,52.5
152,113,50,23.6
153,113,60,35
154,113,55,28.5
155,113,50,29
156,112,60,25
157,112,52.5,27.5
158,112,60,38.5
159,112,60,29.5
160,112,60,30.25
161,111,56.66666666,24.5
162,111,60,31
163,111,60,37.5
164,111,60,29
165,110,54,13.66666666
166,110,52.5,31.25
167,110,55,27.5
168,110,52.5,22.5
169,110,60,38.5
170,110,54,32.5
171,110,53.33333333,26
172,110,60,18.33333333
173,109,60,38.33333333
174,109,55,20
175,109,37.5,23.33333333
176,109,60,27.5
177,109,52.5,12.66666666
178,109,52.5,21.33333333
179,109,50,23.33333333
180,108,60,46.66666666
181,108,47.5,30
182,108,50,31
183,108,52.5,31.5
184,108,60,32.5
185,108,52.5,18
186,108,50,25
187,108,60,26
188,107,60,40
189,107,60,25
190,107,60,28.5
191,107,60,21.5
192,106,60,32
193,106,51.42857142,29.75
194,106,60,30.5
195,106,50,14.5
196,105,60,18
197,105,60,35
198,105,52.5,35
199,105,60,37.5
200,104,52.5,24
201,104,60,24.5
202,104,53.33333333,25
203,104,62.5,35
204,104,45,29.5
205,104,62.5,32.5
206,103,60,45
207,102,55,24
208,102,60,27
209,102,52.5,28.75
210,102,60,18.5
211,102,60,24.75
212,102,60,32.5
213,101,47.5,25.33333333
214,101,52.5,30
215,101,52.5,24.5
216,101,56.66666666,25
217,100,60,37.5
218,100,52.5,55
219,100,66.66666666,12.6
220,100,50,32.5
221,100,60,27
222,100,52.5,36
223,100,56.66666666,28
224,99,60,40
225,99,60,60
226,99,52,40
227,99,60,36.66666666
228,99,42.5,25
229,99,60,36
230,99,60,30
231,99,60,30
232,99,56.66666666,17.5
233,98,60,33.33333333
234,98,60,33.5
235,98,63.33333333,31.33333333
236,98,32.5,17.5
237,98,60,30.66666666
238,98,57.5,46.66666666
239,98,52.5,27.5
240,97,30,14
241,97,50,15.33333333
242,97,60,25
243,97,47.5,29.32433333
244,97,62.5,32.5
245,97,60,22.33333333
246,97,60,22.25
247,97,52.5,25
248,97,30,22.33333333
249,97,46,31.66666666
250,97,60,27.5
251,97,60,30.5
252,96,60,21
253,96,60,22
254,96,60,23
255,95,65,25
256,95,60,31.75
257,95,52.5,33.33333333
258,95,50,22.5
259,94,60,37.5
260,94,60,55
261,94,50,15.33333333
262,94,55,40
263,94,62.5,34.5
264,94,60,30
265,94,60,17.66666666
266,93,60,35
267,93,37.5,12.5
268,93,50,13.5
269,93,55,26.5
270,93,56.66666666,29
271,93,47.5,17.66666666
272,93,66.66666666,32.5
273,93,35,22.66666666
274,93,50,35
275,93,60,34.33333333
276,92,60,25
277,92,55,26.25
278,92,60,36
279,92,60,53
280,91,50,22.66666666
281,91,65,32.5
282,91,53.33333333,24.5
283,91,63.33333333,22.5
284,91,48,25
285,91,60,12.75
286,90,60,43.66666666
287,90,60,32.5
288,90,60,28
289,90,45,18.33333333
290,90,52.5,24.5
291,90,60,35.5
292,90,53.33333333,45.33333333
293,90,60,33.5
294,90,60,21.66666666
295,90,60,21
296,90,42.5,16.66666666
297,89,60,35
298,89,55,35
299,89,60,32
300,89,60,26
301,89,60,44.5
302,89,52.5,19.66666666
303,89,45,20.66666666
304,89,60,23
305,88,60,40.5
306,88,57.5,50
307,88,47.5,22.5
308,88,40,24
309,88,62.5,49
310,88,60,22.5
311,88,60,25
312,88,60,34.5
313,88,56.66666666,39.5
314,87,60,24.5
315,87,62.5,40
316,87,52.5,25.75
317,87,47.5,23.5
318,87,45,30
319,87,60,23
320,87,52.5,27.25
321,86,52.5,55
322,86,66.66666666,31.66666666
323,86,56.66666666,24
324,86,60,16
325,86,60,18.33333333
326,86,55,30
327,86,45,25.5
328,86,45,27
329,85,65,37.5
330,85,47.5,32.5
331,85,52.5,21.33333333
332,85,50,11.33333333
333,85,60,20
334,85,52.5,24
335,85,62.5,30
336,85,50,23.33333333
337,85,60,27.5
338,84,50,20.66666666
339,84,66.66666666,20
340,84,50,30
341,84,55,34.5
342,84,45,26.33333333
343,84,55,27
344,84,53.33333333,30
345,83,60,37.5
346,83,60,22.33333333
347,83,50,19
348,83,53.33333333,16
349,83,50,35.33333333
350,83,50,16.66666666
351,83,52.5,28.33333333
352,83,62.5,20.6
353,83,60,13
354,83,60,26.66666666
355,83,55,19.33333333
356,83,60,20.66666666
357,83,60,18.5
358,82,52.5,22.5
359,82,60,19
360,82,66.66666666,28.5
361,82,60,24.5
362,82,45,18.66666666
363,82,53.33333333,27.25
364,82,60,16.66666666
365,82,60,29.5
366,82,70,36
367,82,60,21
368,81,60,24.66666666
369,81,55,33
370,81,65,41.5
371,81,62.5,35
372,81,45,17
373,81,55.71428571,27.5
374,81,60,20
375,81,65,30.5
376,81,60,28
377,81,66.66666666,35
378,81,60,21.5
379,80,60,32.5
380,80,37.5,8.5
381,80,52.5,22.5
382,80,66.66666666,22
383,80,60,30
384,80,52.5,25
385,80,45,22.5
386,80,50,27.5
387,80,60,23.66666666
388,80,60,31
389,80,57.5,32.5
390,79,54,14.85714285
391,79,50,16
392,79,57.5,20.5
393,79,60,30
394,79,56.66666666,10
395,79,60,33.5
396,79,60,21
397,78,60,42.5
398,78,60,23.33333333
399,78,56.66666666,18.75
400,78,50,16.66666666
401,78,60,12
402,78,55,22
403,78,60,19.66666666
404,78,60,26
405,78,67.5,48.66666666
406,78,43.33333333,26
407,78,45,15
408,78,66.66666666,17.5
409,78,50,30
410,78,36,7
411,78,60,30
412,77,60,25.33333333
413,77,67.5,23.5
414,77,52.5,22.5
415,77,45,25.33333333
416,77,52.5,25
417,77,32.5,26.66666666
418,77,60,25
419,77,45,24
420,77,40,21.66666666
421,76,60,30
422,76,50,16.33333333
423,76,60,28.5
424,76,66.66666666,20.5
425,76,60,21.5
426,76,52.5,23
427,76,52.5,19
428,76,30,14
429,76,52.5,40
430,76,60,30
431,76,60,28
432,76,55,22.5
433,76,65,18
434,76,53.33333333,35
435,76,55,18.66666666
436,75,60,16.66666666
437,75,60,29.5
438,75,60,14
439,75,50,25
440,75,60,14.66666666
441,75,45,22.5
442,75,63.33333333,34
443,75,55,25
444,75,32.5,23.5
445,75,60,20
446,75,60,21
447,75,52.5,25
448,74,60,16.33333333
449,74,35,10.5
450,74,52.5,11.33333333
451,74,56.66666666,29.33333333
452,74,60,20
453,74,60,25
454,74,50,23
455,74,60,25
456,74,60,18.25
457,74,52.5,20
458,74,50,28.33333333
459,74,60,26.66666666
460,74,50,9
461,74,55,39.66666666
462,74,56.66666666,40
463,73,45,30
464,73,50,26.66666666
465,73,60,12
466,73,60,13.66666666
467,73,54,25.33333333
468,73,60,44.71428571
469,73,45,27
470,73,52.5,36.5
471,73,50,19.66666666
472,73,30,16.66666666
473,73,60,35.5
474,73,60,44
475,73,60,26.66666666
476,72,50,21.33333333
477,72,45,25.75
478,72,54.28571428,24.5
479,72,53.33333333,26.75
480,72,60,21
481,72,60,23
482,72,56.66666666,24.75
483,72,40,22.5
484,72,60,22.5
485,72,60,22.5
486,72,62.5,51.5
487,72,50,31.5
488,72,50,22
489,72,50,23.33333333
490,72,45,17
491,72,62.5,27.5
492,72,60,37
493,72,60,29
494,72,52.5,22.5
495,72,56.66666666,24.5
496,71,50,17
497,71,57.5,32.5
498,71,60,27.5
499,71,60,16.33333333
500,71,57.77777777,24
501,71,52.5,25.66666666
502,71,50,25
503,71,60,35
504,71,60,25
505,71,48,35
506,71,60,31.5
507,71,45,20.66666666
508,71,56.66666666,20
509,70,60,19.33333333
510,70,60,16.33333333
511,70,45,24
512,70,50,20
513,70,50,26.33333333
514,70,56.66666666,21.5
515,70,57.5,34.5
516,70,50,28
517,70,60,10.5
518,70,55,22.33333333
519,70,46.66666666,40.5
520,70,60,35
521,70,60,37.5
522,70,45,15.33333333
523,70,42.5,14.33333333
524,70,60,23
525,69,52.5,24.33333333
526,69,52.5,37.5
527,69,52.5,38
528,69,52.5,45.25
529,69,65,29.33333333
530,69,60,13.66666666
531,69,50,9.666666666
532,69,56.66666666,20.66666666
533,69,60,26.66666666
534,69,60,9.333333333
535,69,52.5,18.66666666
536,69,60,24
537,69,45,24
538,69,60,46.75
539,69,55,13.66666666
540,68,70,32.5
541,68,47.5,20.75
542,68,45,11.5
543,68,60,25
544,68,60,29.5
545,68,47.5,21
546,68,40,24
547,68,46,27.66666666
548,68,52.5,15
549,68,52.5,14
550,68,45,15
551,68,60,28.33333333
552,68,52.5,37.5
553,68,60,14.5
554,68,60,26
555,68,52.5,18
556,68,54.28571428,14.66666666
557,67,52.5,22.5
558,67,35,13.5
559,67,48,25
560,67,66.66666666,22.5
561,67,60,25
562,67,57.5,22
563,67,60,20.5
564,67,60,30
565,67,50,15.66666666
566,67,60,17.33333333
567,67,50,23.5
568,67,45,9
569,67,52.5,9.5
570,67,54,24
571,67,47.5,27.5
572,67,60,21.33333333
573,67,60,21.5
574,67,56.66666666,25
575,67,42,10
576,67,60,32.5
577,67,50,24
578,67,35,13
579,66,50,20.5
580,66,60,22.5
581,66,60,25
582,66,42.5,15.66666666
583,66,48,8
584,66,60,15.33333333
585,66,52.5,12.8
586,66,52.5,20
587,66,52.5,13.25
588,66,60,38.5
589,66,50,26.75
590,66,50,21.33333333
591,66,60,23.33333333
592,66,50,27.5
593,66,66.66666666,24
594,66,48,17.5
595,66,54.44444444,29.8305
596,66,50,20
597,66,52.5,23.5
598,66,60,26
599,66,52.5,25.5
600,66,50,35
601,66,45,30
602,66,60,16.66666666
603,65,66.66666666,35
604,65,45,20
605,65,60,27.5
606,65,30,12.66666666
607,65,60,30
608,65,52.5,35
609,65,56.66666666,37.5
610,65,60,22.66666666
611,64,50,22
612,64,55,27.5
613,64,57.5,27.66666666
614,64,52,32.5
615,64,60,25
616,64,45,17.5
617,64,60,16.66666666
618,64,53.33333333,22
619,64,60,27
620,64,50,11
621,64,52.5,28
622,64,60,35.5
623,64,45,24
624,64,50,19
625,64,60,18.625
626,64,50,11
627,64,45,18.5
628,64,60,30.5
629,64,60,15
630,63,53.33333333,21.33333333
631,63,60,24.66666666
632,63,60,19.66666666
633,63,47.5,32.5
634,63,50,31.5
635,63,50,16.33333333
636,63,66.66666666,30.33333333
637,63,50,14
638,63,60,32.5
639,63,61.11111111,20
640,63,60,27
641,63,56.66666666,10.66666666
642,63,45,23.48366666
643,63,60,22.5
644,63,50,21
645,63,60,22.5
646,63,60,35
647,63,60,31
648,63,54.28571428,27.5
649,63,52.5,25
650,63,60,28
651,63,52.5,34.5
652,63,45,24.66666666
653,63,57.5,22.5
654,63,52.5,25
655,63,60,18.33333333
656,63,53.33333333,40
657,63,50,18.5
658,62,52.5,13.33333333
659,62,52.5,17.66666666
660,62,50,23
661,62,54,29.5
662,62,56.66666666,28.66666666
663,62,60,16.33333333
664,62,45,27
665,62,55,23.33333333
666,62,50,15
667,62,45,12.33333333
668,62,37.5,17.2
669,62,50,32
670,62,60,32.5
671,62,50,30
672,61,35,14
673,61,52.5,17
674,61,50,27.5
675,61,53.33333333,32.66666666
676,61,47.5,15
677,61,40,17
678,61,50,15.33333333
679,61,50,17.66666666
680,61,60,16.66666666
681,61,47.5,16.33333333
682,61,52.5,22.5
683,61,37.5,15.5
684,61,55,50
685,61,60,23.5
686,61,56.66666666,10.817
687,61,60,8.8
688,61,57.5,23.5
689,60,50,26.66666666
690,60,47.5,20.5
691,60,35,15.5
692,60,45,25
693,60,57.5,25.33333333
694,60,40,12
695,60,45,20.5
696,60,52.5,22.5
697,60,60,20
698,60,37.5,20
699,60,47.5,29
700,60,50,24
701,60,50,16.66666666
702,60,60,17
703,60,50,45
704,60,60,22.5
705,60,55,22.5
706,60,57.5,30
707,60,60,24.89825
708,60,50,39
709,60,52.5,26.33333333
710,60,60,23.5
711,60,50,20
712,59,60,32.5
713,59,60,17.5
714,59,50,11.5
715,59,60,15.33333333
716,59,50,10
717,59,66.66666666,23.33333333
718,59,66.66666666,35
719,59,60,16
720,59,45,30.5
721,59,60,11
722,59,60,28.5
723,59,60,20
724,59,45,15.5
725,59,50,20.5
726,59,60,28
727,59,65,16.33333333
728,59,40,10.75
729,59,57.5,49
730,59,60,29
731,59,60,14.5
732,59,50,24.5
733,59,45,18.66666666
734,59,60,25
735,59,60,13.33333333
736,59,43.33333333,14.83333333
737,58,60,23
738,58,40,16.5
739,58,60,13
740,58,52.5,22.33333333
741,58,52.5,18.5
742,58,60,10.33333333
743,58,66.66666666,35
744,58,60,15.33333333
745,58,50,21.5
746,58,60,10
747,58,50,29.5
748,58,48,17
749,58,55.71428571,15.5
750,58,45,14.66666666
751,58,60,16
752,58,50,20.5
753,58,50,16
754,58,60,29.5
755,58,60,28.5
756,58,52.5,21.66666666
757,58,50,9.666666666
758,58,60,19.5
759,58,56.66666666,22.5
760,58,60,16.66666666
761,57,48,33.07666666
762,57,50,21
763,57,60,37
764,57,52.5,12
765,57,53.33333333,23
766,57,50,20
767,57,50,22.25
768,57,60,21.5
769,57,50,19.5
770,57,60,17.5
771,57,60,30.5
772,57,50,18.75
773,57,60,16.66666666
774,57,60,11
775,56,60,12
776,56,50,20
777,56,50,14
778,56,45,23.33333333
779,56,60,12.66666666
780,56,60,12
781,56,66.66666666,27
782,56,60,33
783,56,60,17
784,56,50,13.66666666
785,56,60,29
786,56,60,23.5
787,56,40,27.5
788,56,60,21
789,56,60,30
790,56,60,31.5
791,56,62.85714285,35
792,56,60,30
793,56,47.5,14.33333333
794,56,30,20
795,56,68.33333333,36
796,56,60,24
797,56,60,30.33333333
798,56,70,22.5
799,56,60,18.66666666
800,56,45,10.16666666
801,56,50,34
802,56,60,26.2
803,55,50,28
804,55,50,14.66666666
805,55,66.66666666,40
806,55,50,20
807,55,50,32.5
808,55,60,21.5
809,55,50,16
810,55,45,37
811,55,60,25.5
812,55,60,15
813,55,45,14
814,55,45,14.66666666
815,55,60,19.66666666
816,55,50,13.5
817,55,60,8.333333333
818,55,50,20.66666666
819,55,60,40
820,55,50,12.66666666
821,55,55,21.5
822,55,50,23
823,55,60,22.5
824,55,48.18181818,14.5
825,55,60,16.66666666
826,55,52.5,18
827,55,60,32
828,54,50,18
829,54,40,10.5
830,54,60,12
831,54,50,15.33333333
832,54,55,37.5
833,54,60,13.5
834,54,60,21.5
835,54,30,20.5
836,54,52.5,23.33333333
837,54,66.66666666,32.5
838,54,50,9
839,54,40,19.33333333
840,54,60,43.5
841,54,50,23
842,54,53.33333333,29
843,54,45,12.33333333
844,54,50,16.66666666
845,54,60,27.5
846,54,50,14
847,54,50,25
848,54,60,21.5
849,53,60,40
850,53,65,45
851,53,52.5,23
852,53,33.33333333,12
853,53,50,17.66666666
854,53,30,29
855,53,40,31
856,53,66.66666666,20.66666666
857,53,30,10
858,53,60,11.33333333
859,53,60,16
860,53,50,18.5
861,53,50,24
862,53,52.5,27.5
863,53,60,15
864,53,60,25
865,53,50,16.5
866,53,47.5,21
867,53,53.33333333,16
868,53,50,24
869,53,45,25
870,53,50,18
871,53,35,10.66666666
872,53,52.5,15.66666666
873,53,50,21.5
874,53,60,21
875,53,46.66666666,20
876,53,53.33333333,22.5
877,53,60,15.33333333
878,53,60,16.862
879,52,50,14
880,52,50,15.33333333
881,52,66.66666666,42.5
882,52,40,20.5
883,52,57.5,32.75
884,52,62.5,40
885,52,45,17.33333333
886,52,66.66666666,34
887,52,45,20
888,52,60,19
889,52,56.66666666,30
890,52,47.5,35
891,52,60,16.33333333
892,52,52.5,21.5
893,52,45,26.5
894,52,60,22
895,52,60,27.5
896,52,50,24
897,52,60,11.66666666
898,52,60,21
899,52,60,11
900,52,45,20.33333333
901,52,60,19
902,52,53.33333333,30
903,52,60,26.33333333
904,52,30,11.5
905,51,50,19.75
906,51,56.66666666,34
907,51,60,13.66666666
908,51,60,28
909,51,60,15.66666666
910,51,50,12.66666666
911,51,50,19.5
912,51,60,11.66666666
913,51,60,16
914,51,60,21.5
915,51,45,15.66666666
916,51,60,30
917,51,60,22.5
918,51,50,21.5
919,51,62.5,53.75
920,51,53.33333333,25
921,51,52.5,17.5
922,51,60,25
923,51,50,23
924,50,60,19.33333333
925,50,37.5,14.5
926,50,60,20.622
927,50,50,15
928,50,60,20
929,50,37.5,24.5
930,50,53.33333333,24
931,50,50,13
932,50,60,10
933,50,60,22.5
934,50,60,14.33333333
935,50,40,15
936,50,50,27
937,50,47.5,21.66666666
938,50,52.5,45
939,50,60,16.66666666
940,50,60,11.75
941,50,60,18
942,50,54,30
943,50,60,26
944,50,60,25
945,50,50,11.66666666
946,50,60,13
947,49,53.33333333,32.5
948,49,60,24.66666666
949,49,52.5,45
950,49,50,23.5
951,49,55,29
952,49,60,30
953,49,66.66666666,21
954,49,45,17
955,49,45,19
956,49,60,18
957,49,60,22.5
958,49,35,21
959,49,50,19
960,49,37.5,5
961,49,47.5,40
962,49,50,21.5
963,49,52.5,21.5
964,49,52.5,21.5
965,49,40,26
966,49,60,15.66666666
967,49,50,40
968,49,60,21
969,49,60,10.33333333
970,49,53.33333333,19.33333333
971,48,56,30
972,48,55,33
973,48,50,16.5
974,48,47.5,15
975,48,60,5
976,48,50,22.33333333
977,48,66.66666666,15.66666666
978,48,50,10
979,48,60,16.5
980,48,50,14
981,48,50,18
982,48,60,21.5
983,48,46.66666666,18
984,48,50,36.33333333
985,48,56.66666666,51
986,48,50,35
987,48,50,13
988,48,62.85714285,40
989,48,47.14285714,13
990,48,52.5,32.5
991,48,60,24.33333333
992,48,60,24
993,48,60,21.33333333
994,48,60,22.5
995,48,56.66666666,35
996,48,60,17.33333333
997,47,50,18.66666666
998,47,50,17.33333333
999,47,60,22.66666666
1000,47,50,17.33333333
1001,47,33.33333333,12
1002,47,60,13.66666666
1003,47,60,27.5
1004,47,43.33333333,31
1005,47,35,19
1006,47,52.5,21.5
1007,47,60,34.5
1008,47,66.66666666,30
1009,47,60,22
1010,47,50,29
1011,47,60,25
1012,47,60,22.5
1013,47,46.66666666,12.33333333
1014,47,60,13
1015,47,60,26
1016,47,60,22.5
1017,47,60,43
1018,47,45,15.66666666
1019,46,53.33333333,29.5
1020,46,52.5,13.25
1021,46,60,9
1022,46,52.5,19
1023,46,60,29.33333333
1024,46,45,13.33333333
1025,46,60,7.5
1026,46,43.33333333,20
1027,46,45,19.66666666
1028,46,42.85714285,11
1029,46,45,18
1030,46,52.5,13
1031,46,47.5,22.5
1032,46,30,11.66666666
1033,46,50,20
1034,46,60,14.66666666
1035,46,40,12.5
1036,46,45,15
1037,46,40,16
1038,46,47.5,22.5
1039,46,50,31.66666666
1040,46,60,23.5
1041,46,60,15.66666666
1042,46,60,6.666666666
1043,46,60,23
1044,46,60,16
1045,46,60,20
1046,45,60,21
1047,45,45,20.66666666
1048,45,60,22.5
1049,45,37.5,16
1050,45,66.66666666,36.74333333
1051,45,60,11.66666666
1052,45,52.5,11.75
1053,45,52.5,11
1054,45,68.75,35
1055,45,35,16.33333333
1056,45,45,23.9175
1057,45,40,19
1058,45,50,26.33333333
1059,45,50,19.5
1060,45,60,20
1061,45,60,12.75
1062,45,60,37
1063,45,60,24
1064,45,56,15
1065,45,60,22.5
1066,45,50,12.66666666
1067,45,56.66666666,12
1068,45,53.33333333,19.85714285
1069,45,60,17
1070,45,45,23.5
1071,45,40,12.66666666
1072,45,45,25
1073,45,60,25
1074,45,60,14
1075,45,60,14.5
1076,45,56.66666666,17
1077,45,60,23.5
1078,45,60,23
1079,45,60,16.5
1080,44,56.66666666,30.5
1081,44,43.33333333,13
1082,44,60,14.5
1083,44,54.28571428,19
1084,44,50,11.66666666
1085,44,60,29.5
1086,44,60,4.5
1087,44,65,33
1088,44,30,32.5
1089,44,66.66666666,15.66666666
1090,44,50,11.33333333
1091,44,50,12
1092,44,30,12.5
1093,44,45,19
1094,44,50,10.75
1095,44,50,30
1096,44,46,11.5
1097,44,60,21
1098,44,60,46
1099,44,50,27
1100,44,60,35
1101,44,50,31.33333333
1102,44,50,16
1103,44,50,23
1104,44,50,28.33333333
1105,44,37.5,20
1106,44,50,17
1107,44,53.33333333,60
1108,44,56.66666666,45
1109,44,60,12
1110,44,50,25
1111,44,52.5,23.5
1112,44,55,25
1113,44,60,23.4
1114,44,53.33333333,14
1115,44,60,22.5
1116,44,52.5,18.33333333
1117,44,60,25
1118,44,55.71428571,20.33333333
1119,44,52.5,20.94833333
1120,43,53.33333333,20.66666666
1121,43,50,26
1122,43,52.5,21.33333333
1123,43,60,20
1124,43,35,22
1125,43,60,20
1126,43,52.5,21
1127,43,35,18
1128,43,40,29.5
1129,43,53.33333333,23.5
1130,43,52.5,21.66666666
1131,43,60,40
1132,43,50,21.33333333
1133,43,56.66666666,19.66666666
1134,43,43.33333333,12
1135,43,45,21
1136,43,50,14.66666666
1137,43,30,17
1138,43,30,22
1139,43,61.66666666,16
1140,43,40,30
1141,43,60,21
1142,43,60,32
1143,43,43.33333333,35
1144,43,60,22.53266666
1145,42,55,18
1146,42,60,24.66666666
1147,42,50,28
1148,42,60,24.66666666
1149,42,50,27.5
1150,42,60,22.5
1151,42,52.5,18.33333333
1152,42,45,15
1153,42,36.66666666,13.5
1154,42,40,12.33333333
1155,42,50,23
1156,42,66.66666666,25.5
1157,42,57.14285714,27.5
1158,42,60,18
1159,42,60,25
1160,42,60,18
1161,42,60,18.33333333
1162,42,60,9
1163,42,53.33333333,27.5
1164,42,42.5,18.5
1165,42,53.33333333,12.33333333
1166,42,60,16.66666666
1167,42,60,13
1168,42,60,26.5
1169,42,45,23
1170,42,51.42857142,17.5
1171,42,52.5,13
1172,42,60,20.66666666
1173,42,45,23
1174,42,55,22
1175,42,60,21
1176,42,50,12.66666666
1177,42,60,17.5
1178,42,30,17
1179,42,60,18
1180,42,60,14
1181,42,52.5,18.5
1182,42,52.5,20.75
1183,42,60,26.5
1184,42,60,11.25
1185,42,42.5,10
1186,42,50,18.5
1187,42,45,12.25
1188,42,60,25
1189,42,60,11
1190,41,60,23.33333333
1191,41,60,12
1192,41,50,37.5
1193,41,50,23.5
1194,41,52.5,11.5
1195,41,60,20
1196,41,30,9.666666666
1197,41,50,25
1198,41,50,9
1199,41,33.33333333,7.666666666
1200,41,60,17.33333333
1201,41,60,12.5
1202,41,60,21.5
1203,41,52.5,9.333333333
1204,41,60,13
1205,41,50,18.712
1206,41,60,21.33333333
1207,41,50,21
1208,41,60,12
1209,41,50,13
1210,41,55,21.5
1211,41,37.5,15.5
1212,41,50,11.66666666
1213,41,52.5,13.33333333
1214,41,60,20
1215,41,52.5,11
1216,41,30,18.5
1217,41,50,58
1218,41,55,35
1219,41,57.5,27.5
1220,41,45,12
1221,41,36.66666666,22.5
1222,41,57.5,20.5
1223,41,37.5,15.33333333
1224,41,30,19.66666666
1225,41,45,39
1226,41,40,14.5
1227,40,60,21.33333333
1228,40,57.5,35
1229,40,45,12.13166666
1230,40,50,36.5
1231,40,52.5,12
1232,40,43.33333333,12
1233,40,50,21.5
1234,40,60,11
1235,40,56.66666666,28
1236,40,50,11.33333333
1237,40,52.5,17.66666666
1238,40,45,17
1239,40,50,20.5
1240,40,47.5,22
1241,40,45,28
1242,40,60,35
1243,40,60,22
1244,40,45,14.33333333
1245,40,60,8
1246,40,53.33333333,24
1247,40,47.5,17.33333333
1248,40,52.5,16.66666666
1249,40,50,23.5
1250,40,50,35
1251,40,50,24
1252,40,60,30
1253,40,50,39
1254,40,60,15.5
1255,40,60,13
1256,40,60,18
1257,39,60,16.33333333
1258,39,45,11.66666666
1259,39,42.5,15
1260,39,57.5,33
1261,39,37.5,17.5
1262,39,40,22.5
1263,39,60,16
1264,39,60,22.66666666
1265,39,43.33333333,17
1266,39,60,22
1267,39,36.66666666,10.66666666
1268,39,50,34.33333333
1269,39,43.33333333,30
1270,39,53.33333333,15.5
1271,39,55,12
1272,39,50,11.33333333
1273,39,60,21
1274,39,52.5,21.5
1275,39,56.66666666,38
1276,39,50,15
1277,39,50,14.5
1278,39,60,13
1279,39,30,22
1280,39,60,27.5
1281,39,53.33333333,25
1282,39,50,21
1283,39,47.5,19.33333333
1284,39,60,18.66666666
1285,39,40,18
1286,39,60,23.5
1287,39,50,32.5
1288,39,53.33333333,35
1289,39,60,17.5
1290,39,60,25
1291,39,43.33333333,16
1292,39,60,20.5
1293,39,36.66666666,9.5
1294,38,53.33333333,22
1295,38,52.5,21
1296,38,65,51
1297,38,60,13.66666666
1298,38,60,18
1299,38,56.66666666,9
1300,38,50,12.33333333
1301,38,50,16.66666666
1302,38,47.5,18
1303,38,60,25
1304,38,50,14.66666666
1305,38,36.66666666,8.666666666
1306,38,50,17.33333333
1307,38,60,14
1308,38,52.5,15
1309,38,42.5,21
1310,38,53.33333333,22.5
1311,38,60,12
1312,38,60,28.66666666
1313,38,30,12.5
1314,38,36.66666666,12.33333333
1315,38,37.5,20.66666666
1316,38,70,30
1317,38,52.5,18.33333333
1318,38,46.66666666,7
1319,38,60,15.5
1320,38,60,11.66666666
1321,38,60,25.5
1322,38,35,20
1323,38,60,10
1324,38,60,18.497
1325,38,60,23.5
1326,37,60,23.33333333
1327,37,60,22
1328,37,60,24.33333333
1329,37,60,21.33333333
1330,37,30,22.5
1331,37,46.66666666,10.66666666
1332,37,60,13.33333333
1333,37,50,25
1334,37,50,14.33333333
1335,37,50,16.33333333
1336,37,43.33333333,37
1337,37,52.5,18.66666666
1338,37,50,35
1339,37,45,19
1340,37,50,18
1341,37,60,37.5
1342,37,52.5,22.66666666
1343,37,52.5,17.5
1344,37,60,22.5
1345,37,50,28.33333333
1346,37,60,33
1347,37,60,23.75
1348,37,60,23.25
1349,37,52.5,16
1350,37,30,19.33333333
1351,37,50,15.33333333
1352,37,50,11
1353,37,50,16.75
1354,37,60,13.5
1355,37,36.66666666,10.75
1356,37,55.71428571,11.75
1357,37,55.71428571,13.5
1358,37,60,45
1359,37,37.5,11
1360,37,60,26.5
1361,37,37.5,16
1362,37,73.33333333,23
1363,37,60,34.66666666
1364,37,50,23
1365,37,60,20
1366,37,60,45
1367,37,50,12.25
1368,37,60,13.33333333
1369,37,60,16.5
1370,37,60,26
1371,37,55,16
1372,37,60,20.5
1373,36,60,18
1374,36,56.66666666,20.66666666
1375,36,53.33333333,17
1376,36,60,19.33333333
1377,36,51.42857142,12
1378,36,70,32.5
1379,36,40,9.333333333
1380,36,60,20
1381,36,30,11
1382,36,43.33333333,21.4865
1383,36,43.33333333,17.5
1384,36,60,15
1385,36,50,22
1386,36,30,15
1387,36,50,36.66666666
1388,36,60,39
1389,36,60,14
1390,36,60,40
1391,36,60,39.5
1392,36,52.5,23.66666666
1393,36,50,30
1394,36,43.33333333,9.5
1395,36,60,13.5
1396,36,53.33333333,25
1397,36,50,21.5
1398,36,50,11.66666666
1399,36,50,22.33333333
1400,36,40,18
1401,36,57.5,25
1402,36,63.33333333,26
1403,36,30,13.66666666
1404,36,60,15
1405,35,50,27.33333333
1406,35,60,19.66666666
1407,35,65,50
1408,35,50,19.33333333
1409,35,37.5,12
1410,35,50,17.5
1411,35,35,18
1412,35,56.66666666,23.33333333
1413,35,45,13
1414,35,60,16.66666666
1415,35,50,18.66666666
1416,35,36.66666666,12.33333333
1417,35,36.66666666,10
1418,35,60,26
1419,35,60,15
1420,35,50,14.33333333
1421,35,40,22
1422,35,60,21
1423,35,60,18.66666666
1424,35,52.5,24.33333333
1425,35,47.5,27.5
1426,35,57.5,9.333333333
1427,35,50,20
1428,35,50,33.66666666
1429,35,50,26
1430,35,60,17
1431,35,60,24
1432,35,50,23
1433,35,60,36.5
1434,35,37.5,25
1435,35,36.66666666,13.66666666
1436,35,52.5,26
1437,35,30,35
1438,35,47.14285714,15.5
1439,35,52.5,13.66666666
1440,35,56.66666666,7
1441,34,50,25
1442,34,50,18
1443,34,60,18
1444,34,60,21.33333333
1445,34,60,24.66666666
1446,34,50,29
1447,34,50,17
1448,34,30,6.5
1449,34,37.5,27.3075
1450,34,60,21.5
1451,34,50,24.66666666
1452,34,60,18
1453,34,37.5,10.66666666
1454,34,30,2
1455,34,60,9.333333333
1456,34,60,10.5
1457,34,52.5,10
1458,34,60,30
1459,34,47.14285714,22
1460,34,50,17.5
1461,34,40,9.333333333
1462,34,46.66666666,12
1463,34,52.5,15
1464,34,50,23
1465,34,37.5,14
1466,34,47.14285714,19
1467,34,50,16.5
1468,34,50,18.5
1469,34,50,12.5
1470,34,53.33333333,13.5
1471,34,60,20
1472,34,60,22.5
1473,34,50,12.33333333
1474,34,50,10.66666666
1475,34,55,11.66666666
1476,34,60,25
1477,34,60,14
1478,34,43.33333333,21.5
1479,34,60,28
1480,34,50,20
1481,34,50,20
1482,34,60,14
1483,33,52.5,16.66666666
1484,33,45,21.33333333
1485,33,55,16.33333333
1486,33,50,17.33333333
1487,33,50,31
1488,33,32.5,14
1489,33,45,10.33333333
1490,33,50,25
1491,33,50,26
1492,33,40,9.333333333
1493,33,50,18.5
1494,33,60,6
1495,33,50,18.33333333
1496,33,60,11
1497,33,36.66666666,18.5
1498,33,60,12.5
1499,33,40,19
1500,33,47.5,12.33333333
1501,33,50,22
1502,33,50,21.5
1503,33,40,22
1504,33,40,8
1505,33,52.5,35
1506,33,60,18
1507,33,60,25
1508,33,60,35
1509,33,40,13.5
1510,33,50,15
1511,33,60,18.66666666
1512,33,30,10.33333333
1513,33,52.85714285,15
1514,33,60,16.5
1515,33,50,16.5
1516,33,60,27.5
1517,33,53.33333333,27
1518,33,60,32
1519,33,50,19.5
1520,33,30,18.25
1521,33,60,24
1522,33,50,16
1523,33,52.5,23.5
1524,33,53.33333333,18.33333333
1525,33,50,11.33333333
1526,33,50,28
1527,33,56.66666666,100
1528,33,60,28.33333333
1529,33,60,22.5
1530,33,60,23
1531,33,60,17.5
1532,32,30,8.666666666
1533,32,60,18
1534,32,60,26
1535,32,60,17.66666666
1536,32,60,18.5
1537,32,60,18.5
1538,32,50,13.66666666
1539,32,60,24.66666666
1540,32,52.5,17.66666666
1541,32,60,12
1542,32,52.5,20
1543,32,50,17
1544,32,60,13.66666666
1545,32,50,18
1546,32,50,9.666666666
1547,32,60,2
1548,32,60,9
1549,32,60,11
1550,32,60,27.75
1551,32,50,21
1552,32,60,17.5
1553,32,60,11.33333333
1554,32,50,15
1555,32,50,18
1556,32,60,21.5
1557,32,60,8.5
1558,32,50,23
1559,32,50,18.75
1560,32,60,23.5
1561,32,60,17.5
1562,32,50,20.5
1563,32,50,20
1564,32,60,32
1565,32,52.5,14.66666666
1566,32,46.66666666,13
1567,32,50,14.66666666
1568,32,50,11.5
1569,32,60,20
1570,32,40,16.5
1571,32,50,9.333333333
1572,32,46.66666666,11
1573,32,45,16.33333333
1574,32,52.5,19.5
1575,32,50,15.66666666
1576,32,36,10
1577,32,42,18.5
1578,32,60,22.5
1579,32,50,27.5
1580,32,50,10
1581,32,60,21
1582,32,46.66666666,14
1583,32,60,10
1584,32,60,16.66666666
1585,32,50,41
1586,32,52.5,14.33333333
1587,32,55,18.66666666
1588,31,50,29
1589,31,52.5,17.33333333
1590,31,50,20.5
1591,31,50,27.33333333
1592,31,45,27.5
1593,31,63.33333333,21
1594,31,45,14.66666666
1595,31,36.66666666,11.33333333
1596,31,45,15.5
1597,31,50,21.66666666
1598,31,40,7
1599,31,56.66666666,40
1600,31,60,25
1601,31,50,13.5
1602,31,52.5,12
1603,31,60,16
1604,31,60,16
1605,31,60,13.5
1606,31,40,21.5
1607,31,60,13
1608,31,40,21
1609,31,33.33333333,8.5
1610,31,60,26
1611,31,60,22.5
1612,31,60,15.33333333
1613,31,45,20
1614,31,60,15
1615,31,45,10.2
1616,31,60,20
1617,31,50,14.33333333
1618,31,33.33333333,15.66666666
1619,31,60,14.5
1620,31,60,30
1621,31,45,11
1622,31,45,12.5
1623,31,60,17.66666666
1624,31,40,11.33333333
1625,31,30,10.66666666
1626,31,37.5,18.5
1627,31,45,18.5
1628,31,50,24
1629,31,52.5,24
1630,31,60,35
1631,31,55,19
1632,31,53.33333333,38.5
1633,31,42.5,11
1634,31,32.5,15.33333333
1635,31,52.5,21.85
1636,31,50,28
1637,31,60,14.5
1638,31,60,16
1639,30,50,22
1640,30,30,17.5
1641,30,50,16.33333333
1642,30,50,43
1643,30,35,15
1644,30,53.33333333,26
1645,30,50,17.5
1646,30,43.33333333,14
1647,30,50,23.5
1648,30,52.5,22.5
1649,30,40,5.666666666
1650,30,48,19.33333333
1651,30,43.33333333,11.33333333
1652,30,60,6
1653,30,50,20.5
1654,30,42.85714285,20
1655,30,52.5,24.66666666
1656,30,50,21.5
1657,30,56.66666666,22
1658,30,30,13
1659,30,45,12.66666666
1660,30,50,15.66666666
1661,30,50,16.5
1662,30,52.5,12.66666666
1663,30,60,11
1664,30,60,31.25
1665,30,50,18
1666,30,60,13.5
1667,30,60,17
1668,30,52.5,25.5
1669,30,60,15.33333333
1670,30,50,25
1671,30,53.33333333,16.66666666
1672,30,50,21
1673,30,60,12.66666666
1674,30,60,19.66666666
1675,30,50,30
1676,30,50,12.66666666
1677,30,60,23
1678,30,40,23.5
1679,30,50,21.5
1680,30,50,50
1681,30,60,20
1682,30,60,16.66666666
1683,30,53.33333333,19.5
1684,30,50,15.66666666
1685,30,60,14
1686,29,50,21
1687,29,60,26
1688,29,50,22.5
1689,29,53.33333333,21.33333333
1690,29,60,8.666666666
1691,29,60,14.66666666
1692,29,60,14
1693,29,66.66666666,24.75
1694,29,60,10.5
1695,29,60,12
1696,29,60,27
1697,29,30,16.33333333
1698,29,50,31
1699,29,50,12.33333333
1700,29,53.33333333,12.66666666
1701,29,50,16.33333333
1702,29,60,20
1703,29,60,7.333333333
1704,29,50,17
1705,29,40,12
1706,29,53.33333333,18.5
1707,29,30,17.66666666
1708,29,52.5,16
1709,29,50,14
1710,29,40,18
1711,29,37.5,21.5
1712,29,40,19.5
1713,29,60,12.33333333
1714,29,50,23.5
1715,29,50,30
1716,29,37.5,12
1717,29,66.66666666,35
1718,29,55,13.5
1719,29,56,32
1720,29,50,15
1721,29,36,8
1722,29,43.33333333,19.5
1723,29,53.33333333,28.5
1724,29,60,30.5
1725,29,35,24
1726,29,36,14
1727,29,50,25.5
1728,29,70,18.5
1729,29,42,18
1730,29,45,26.66666666
1731,29,40,17
1732,29,50,50
1733,29,60,20
1734,29,50,14
1735,29,53.33333333,20
1736,29,42.5,12
1737,29,60,15.5
1738,29,60,17
1739,29,36.66666666,31
1740,29,60,10.33333333
1741,29,55,30
1742,29,60,34
1743,29,45,10.5
1744,29,60,34
1745,29,50,6
1746,28,60,26
1747,28,60,20.5
1748,28,30,18.33333333
1749,28,40,22
1750,28,60,30
1751,28,52.5,10.5
1752,28,53.33333333,21.33333333
1753,28,50,16
1754,28,40,30.5
1755,28,66.66666666,39
1756,28,60,11
1757,28,60,11
1758,28,50,17.66666666
1759,28,26.66666666,19.33333333
1760,28,60,19
1761,28,52.5,7.333333333
1762,28,52.5,16.33333333
1763,28,60,22.5
1764,28,40,21.5
1765,28,60,22.5
1766,28,57.14285714,20
1767,28,60,28.33333333
1768,28,60,22
1769,28,60,22.5
1770,28,50,39
1771,28,50,22.5
1772,28,53.33333333,12
1773,28,54.28571428,13.9
1774,28,45,18.5
1775,28,52.5,15.66666666
1776,28,46.66666666,21
1777,28,50,22
1778,28,38.57142857,20
1779,28,55,23.66666666
1780,28,60,19.5
1781,28,60,22
1782,28,43.33333333,18.66666666
1783,28,60,23
1784,28,60,23
1785,28,45,18.5
1786,28,60,23
1787,28,37.5,23.33333333
1788,28,60,23
1789,28,45,16.66666666
1790,28,46.66666666,16
1791,28,60,15
1792,28,50,9
1793,28,60,14
1794,28,60,35
1795,28,45,26.5
1796,28,47.5,18
1797,28,60,30
1798,28,50,21.5
1799,28,40,13
1800,28,40,12.33333333
1801,28,50,17
1802,27,60,24.66666666
1803,27,52.5,20.66666666
1804,27,60,21.33333333
1805,27,40,21.33333333
1806,27,50,18
1807,27,45,12.33333333
1808,27,43.33333333,11.5
1809,27,33.33333333,10
1810,27,50,15.5
1811,27,40,14.66666666
1812,27,50,11.33333333
1813,27,50,10.66666666
1814,27,30,17
1815,27,52.5,30.0575
1816,27,60,31
1817,27,52.5,19
1818,27,55,23.33333333
1819,27,50,30
1820,27,50,13.5
1821,27,60,17.5
1822,27,60,22
1823,27,53.33333333,19.5
1824,27,45,11
1825,27,50,18.5
1826,27,30,12.33333333
1827,27,45,8
1828,27,50,20
1829,27,50,20
1830,27,50,11.5
1831,27,50,19.5
1832,27,50,14.33333333
1833,27,50,30
1834,27,50,20
1835,27,30,17.5
1836,27,50,12.66666666
1837,27,53.33333333,18.33333333
1838,27,55,20
1839,27,30,12
1840,27,50,19
1841,27,46.66666666,12.33333333
1842,27,40,20.5
1843,27,37.5,10.5
1844,27,45,11.33333333
1845,27,60,31
1846,27,45,18
1847,27,50,11.5
1848,27,50,22
1849,27,53.33333333,24
1850,27,56,24
1851,27,50,22.66666666
1852,27,52.5,35
1853,27,60,30
1854,27,60,17.5
1855,27,53.33333333,30
1856,27,60,9
1857,27,33.33333333,13.5
1858,27,50,14
1859,27,60,22.25
1860,27,60,12
1861,27,56.66666666,20
1862,27,50,13.66666666
1863,27,52.5,40
1864,27,50,22
1865,26,50,20.33333333
1866,26,47.5,21.66666666
1867,26,47.5,13.66666666
1868,26,50,23.5
1869,26,45,10
1870,26,50,14
1871,26,50,23.5
1872,26,60,11.5
1873,26,60,30
1874,26,30,7.666666666
1875,26,50,22.1605
1876,26,50,30
1877,26,52.5,21
1878,26,60,10.5
1879,26,48,21
1880,26,56,18
1881,26,60,21
1882,26,40,16.5
1883,26,60,2.5
1884,26,55,24
1885,26,40,11
1886,26,50,16
1887,26,50,5.5
1888,26,60,25
1889,26,30,15.33333333
1890,26,60,14.5
1891,26,60,14.6875
1892,26,42.85714285,9.666666666
1893,26,50,18.5
1894,26,30,12
1895,26,60,11
1896,26,36.66666666,15
1897,26,52.5,20
1898,26,60,6.666666666
1899,26,43.33333333,18.5
1900,26,60,11.66666666
1901,26,50,16.5
1902,26,60,17.66666666
1903,26,40,21
1904,26,40,17
1905,26,60,10.5
1906,26,52.5,39.5
1907,26,50,22.5
1908,26,53.33333333,46
1909,26,42,22.8
1910,26,32.5,11
1911,26,50,21.5
1912,26,50,20.5
1913,26,30,7.666666666
1914,26,52.5,25.5
1915,26,60,13
1916,26,50,46
1917,26,45,19.66666666
1918,26,30,10.5
1919,26,40,23.5
1920,26,40,17
1921,26,60,20
1922,26,50,20.75
1923,26,60,22.5
1924,26,50,14.66666666
1925,26,60,15.5
1926,26,30,28.33333333
1927,26,30,25
1928,26,60,15.66666666
1929,26,60,30
1930,26,55,7
1931,26,50,17
1932,26,36.66666666,14.33333333
1933,26,50,13.5
1934,25,50,29
1935,25,50,18
1936,25,60,18.5
1937,25,52.5,30
1938,25,45,20
1939,25,32.5,15
1940,25,47.5,20.33333333
1941,25,46.66666666,11.33333333
1942,25,50,13
1943,25,50,10.33333333
1944,25,60,9.5
1945,25,60,17
1946,25,50,13
1947,25,50,18.5
1948,25,30,10
1949,25,60,17
1950,25,52.5,13
1951,25,45,8
1952,25,45,10.66666666
1953,25,60,17.5
1954,25,52.5,12.5
1955,25,52.5,20.33333333
1956,25,60,15
1957,25,40,12.5
1958,25,50,11.33333333
1959,25,45,11.5
1960,25,50,16
1961,25,40,13
1962,25,35,18
1963,25,50,39
1964,25,40,33
1965,25,53.33333333,22
1966,25,35,19
1967,25,52.5,18.66666666
1968,25,50,31.5
1969,25,54,35
1970,25,50,17.5
1971,25,57.5,32.16666666
1972,25,50,30
1973,25,60,13.5
1974,25,50,15.86666666
1975,25,37.5,17.5
1976,25,30,12
1977,25,50,48
1978,25,60,34
1979,25,56,40.5
1980,25,45,10.66666666
1981,25,52.5,22.75
1982,25,60,11.5
1983,25,52.5,25.5
1984,25,66.66666666,21.5
1985,25,55,19.33333333
1986,25,50,36
1987,25,63.33333333,21
1988,25,47.5,30
1989,25,30,18
1990,25,30,18.5
1991,25,66.66666666,29.66666666
1992,25,73.33333333,31.5
1993,25,50,13.33333333
1994,25,60,15.5
1995,25,45,15.33333333
1996,25,53.33333333,22.33333333
1997,25,60,27
1998,25,50,20.5
1999,25,60,19.5
2000,25,60,9.5
2001,25,56.66666666,17
2002,25,60,19
2003,25,50,18.5
2004,25,60,34.5
2005,25,60,25
2006,24,60,21
2007,24,45,14.33333333
2008,24,50,15.33333333
2009,24,60,35
2010,24,60,40.66666666
2011,24,46.66666666,12.33333333
2012,24,50,12
2013,24,30,9
2014,24,45,24
2015,24,37.5,17
2016,24,62,36.74333333
2017,24,60,16
2018,24,60,22
2019,24,60,8
2020,24,50,25
2021,24,60,11
2022,24,50,8.5
2023,24,66.66666666,20.5
2024,24,50,18.33333333
2025,24,60,31
2026,24,53.33333333,20.5
2027,24,60,22.5
2028,24,30,10.33333333
2029,24,52.5,17.66666666
2030,24,60,29
2031,24,52.85714285,19
2032,24,60,21.5
2033,24,60,14.33333333
2034,24,35,15
2035,24,30,10.66666666
2036,24,47.5,23
2037,24,60,28.5
2038,24,40,31
2039,24,60,22
2040,24,52.5,21
2041,24,50,13
2042,24,50,13.33333333
2043,24,30,11
2044,24,45,17.5
2045,24,50,24
2046,24,50,21
2047,24,60,10.66666666
2048,24,50,30
2049,24,50,18.5
2050,24,38.75,9
2051,24,36.66666666,14.5
2052,24,50,14.5
2053,24,60,34.5
2054,24,30,15.5
2055,24,55,21.33333333
2056,24,47.5,14.66666666
2057,24,50,17.5
2058,24,40,13.5
2059,24,60,32
2060,24,50,16.5
2061,24,53.33333333,34.5
2062,24,50,24
2063,24,37.5,17.5
2064,24,52.5,20
2065,24,60,50
2066,24,60,32.5
2067,24,30,9.666666666
2068,24,60,26
2069,24,50,23.5
2070,24,60,20.5
2071,24,60,24.52533333
2072,24,60,25
2073,24,60,23
2074,24,60,11.75
2075,24,50,14
2076,24,50,12.75
2077,23,55,22.5
2078,23,45,18.33333333
2079,23,50,50
2080,23,45,17
2081,23,53.33333333,24
2082,23,50,10
2083,23,52.5,20
2084,23,37.5,13
2085,23,52.5,8.666666666
2086,23,30,24.5
2087,23,66.66666666,21
2088,23,60,14
2089,23,60,24.33333333
2090,23,60,13
2091,23,60,10
2092,23,53.33333333,20
2093,23,50,26
2094,23,63.33333333,21
2095,23,30,12
2096,23,50,9
2097,23,36.66666666,16
2098,23,46.66666666,19.5
2099,23,50,15.66666666
2100,23,60,33
2101,23,46.66666666,20
2102,23,50,16.66666666
2103,23,50,22.66666666
2104,23,60,12
2105,23,50,15.5
2106,23,60,32.5
2107,23,32.5,15
2108,23,50,26
2109,23,52.5,19.33333333
2110,23,50,14
2111,23,60,25
2112,23,66.66666666,35
2113,23,50,18
2114,23,35,10
2115,23,43.33333333,12.33333333
2116,23,30,13
2117,23,60,9.25
2118,23,52.5,12.33333333
2119,23,60,16.5
2120,23,60,20.5
2121,23,53.33333333,37
2122,23,53.33333333,20.5
2123,23,47.5,17
2124,23,60,17
2125,23,45,16.33333333
2126,23,53.33333333,16.5
2127,23,60,43
2128,23,50,16
2129,23,30,23
2130,23,73.33333333,23
2131,23,60,19.5
2132,23,50,21.5
2133,23,60,20
2134,23,45,22.66666666
2135,23,30,11.33333333
2136,23,60,25
2137,23,60,14.66666666
2138,23,33.33333333,12.66666666
2139,23,36.66666666,12.5
2140,23,60,6
2141,23,60,19
2142,23,30,15.5
2143,23,60,25.66666666
2144,23,50,30
2145,23,60,30
2146,23,50,27
2147,23,60,20
2148,23,50,19.299
2149,23,60,13.7634
2150,23,52.5,15.5
2151,23,60,19.5
2152,23,52.5,10
2153,22,50,20
2154,22,50,31
2155,22,60,14.5
2156,22,50,15.66666666
2157,22,60,11.5
2158,22,55,14
2159,22,50,18.433
2160,22,50,20.5
2161,22,47.5,24
2162,22,52.5,17.5
2163,22,60,8
2164,22,43.33333333,36
2165,22,60,25
2166,22,53.33333333,12
2167,22,50,18
2168,22,60,8
2169,22,52.5,13.33333333
2170,22,30,8
2171,22,46.66666666,11
2172,22,50,23.5
2173,22,60,15.5
2174,22,56.66666666,26
2175,22,43.33333333,22
2176,22,58,18
2177,22,60,14
2178,22,30,8.5
2179,22,45,14
2180,22,50,17.5
2181,22,50,14
2182,22,40,15.33333333
2183,22,30,17.5
2184,22,42.5,11
2185,22,46.66666666,16
2186,22,55,23
2187,22,63.33333333,14.33333333
2188,22,52.5,29
2189,22,60,40
2190,22,50,25
2191,22,45,18
2192,22,45,15.66666666
2193,22,30,40
2194,22,40,10.66666666
2195,22,52.5,10.5
2196,22,30,8.5
2197,22,46.66666666,20
2198,22,52.5,15
2199,22,50,14.33333333
2200,22,52.5,25
2201,22,42,15
2202,22,60,10.66666666
2203,22,45,34
2204,22,40,15.33333333
2205,22,50,14
2206,22,46.66666666,16.5
2207,22,50,15.5
2208,22,50,14.66666666
2209,22,46.66666666,9.333333333
2210,22,50,14
2211,22,40,15
2212,22,52.5,14.33333333
2213,22,60,20
2214,22,52.5,39
2215,22,60,14.52533333
2216,22,50,20
2217,22,50,16.5
2218,22,50,21
2219,22,50,34
2220,22,53.33333333,19.5
2221,21,30,10
2222,21,60,23
2223,21,60,17.66666666
2224,21,50,23
2225,21,60,25.5
2226,21,50,14.33333333
2227,21,50,21
2228,21,47.5,14
2229,21,55,20
2230,21,53.33333333,11.33333333
2231,21,60,16
2232,21,45,21.33333333
2233,21,47.5,18
2234,21,30,24.33333333
2235,21,60,6
2236,21,30,7.666666666
2237,21,50,7.4
2238,21,33.33333333,12.5
2239,21,50,38
2240,21,60,16
2241,21,38,18
2242,21,50,30
2243,21,50,20
2244,21,43.33333333,18.5
2245,21,50,21
2246,21,45,4
2247,21,60,18
2248,21,40,13
2249,21,50,19.5
2250,21,36.66666666,10.5
2251,21,53.33333333,11
2252,21,50,15
2253,21,50,19
2254,21,60,24.5
2255,21,55,25
2256,21,48,21.75
2257,21,60,31
2258,21,60,20
2259,21,33.33333333,16.66666666
2260,21,52.5,21
2261,21,50,8
2262,21,50,12
2263,21,53.33333333,21
2264,21,30,14
2265,21,56.66666666,24.5
2266,21,60,18
2267,21,50,19.5
2268,21,47.14285714,30
2269,21,60,29
2270,21,60,18
2271,21,45,7.666666666
2272,21,40,20
2273,21,60,25
2274,21,45,13.66666666
2275,21,50,15.33333333
2276,21,50,23
2277,21,50,25.5
2278,21,60,24
2279,21,60,38
2280,21,52.5,13
2281,21,53.33333333,28.5
2282,21,40,13
2283,21,45,16
2284,21,50,13.66666666
2285,21,50,15.5
2286,21,60,12
2287,21,60,10
2288,21,50,26
2289,21,50,20.926
2290,21,60,14.66666666
2291,21,60,15
2292,21,60,14.33333333
2293,20,45,19
2294,20,50,25
2295,20,60,21.33333333
2296,20,60,18
2297,20,60,16.5
2298,20,45,33.33333333
2299,20,47.5,17
2300,20,50,20
2301,20,52.5,13.5
2302,20,40,12
2303,20,60,20.5
2304,20,30,13.5
2305,20,30,13
2306,20,30,16.5
2307,20,48,2
2308,20,30,9.333333333
2309,20,60,16.33333333
2310,20,66.66666666,21.5
2311,20,40,12
2312,20,45,11.33333333
2313,20,60,14.33333333
2314,20,46.66666666,8.666666666
2315,20,30,11
2316,20,50,17.5
2317,20,30,18
2318,20,47.5,18
2319,20,52.5,22.25
2320,20,50,13.5
2321,20,60,20
2322,20,50,10.66666666
2323,20,50,19.5
2324,20,30,10.66666666
2325,20,62.22222222,21
2326,20,50,16.33333333
2327,20,55,20
2328,20,66.66666666,45
2329,20,60,17.5
2330,20,50,13.33333333
2331,20,60,19
2332,20,57.5,19.33333333
2333,20,50,18.5
2334,20,50,23
2335,20,45,24.5
2336,20,30,17
2337,20,60,27.5
2338,20,40,15.33333333
2339,20,60,13.33333333
2340,20,45,14.66666666
2341,20,40,13
2342,20,60,11
2343,20,50,18
2344,20,60,17.5
2345,20,50,18.33333333
2346,20,30,35
2347,20,60,10.33333333
2348,20,60,23
2349,20,60,23
2350,20,60,13.66666666
2351,20,50,24
2352,20,50,15.5
2353,20,50,15.5
2354,20,43.33333333,30.986
2355,20,55,10.586
2356,20,60,9.615
2357,19,60,12
2358,19,60,27.5
2359,19,56.66666666,20.33333333
2360,19,37.5,18.33333333
2361,19,50,16
2362,19,60,12.33333333
2363,19,60,18
2364,19,30,8.666666666
2365,19,60,13.66666666
2366,19,40,20
2367,19,40,15.33333333
2368,19,52.5,20.5
2369,19,40,12
2370,19,50,8
2371,19,56.66666666,20
2372,19,50,12.5
2373,19,30,6
2374,19,50,24.37866666
2375,19,53.33333333,16.5
2376,19,50,23
2377,19,30,13.5
2378,19,40,9.5
2379,19,60,7.333333333
2380,19,60,19.5
2381,19,45,7.333333333
2382,19,50,21.25
2383,19,50,18
2384,19,50,15.5
2385,19,30,7.5
2386,19,50,18.5
2387,19,50,13
2388,19,60,26.33333333
2389,19,30,12
2390,19,52.5,25.5
2391,19,60,33
2392,19,50,20
2393,19,40,9
2394,19,30,18.33333333
2395,19,36.66666666,11
2396,19,62.5,40
2397,19,36.66666666,20
2398,19,36.66666666,15.5
2399,19,50,15.66666666
2400,19,50,23
2401,19,48,17
2402,19,50,17.66666666
2403,19,37.5,15
2404,19,50,20
2405,19,50,18.5
2406,19,45,15.5
2407,19,40,23.5
2408,19,57.14285714,26
2409,19,40,29
2410,19,60,9.5
2411,19,50,15.33333333
2412,19,50,35.33333333
2413,19,50,22.5
2414,19,50,37.5
2415,19,52.5,25
2416,19,60,10.33333333
2417,19,50,20
2418,19,60,11
2419,19,50,12.5
2420,19,10,8
2421,19,45,50
2422,19,46.66666666,10.66666666
2423,19,50,14.5
2424,18,60,21.33333333
2425,18,60,21.33333333
2426,18,60,21.33333333
2427,18,60,7
2428,18,46.66666666,18
2429,18,46.66666666,15
2430,18,43.33333333,12.33333333
2431,18,37.5,17.66666666
2432,18,60,22.5
2433,18,50,11.33333333
2434,18,37.5,11
2435,18,70,29
2436,18,30,22
2437,18,37.5,10
2438,18,80,26
2439,18,40,10.5
2440,18,30,13
2441,18,60,6
2442,18,50,32
2443,18,50,14
2444,18,60,17
2445,18,60,22
2446,18,50,14.33333333
2447,18,40,16.5
2448,18,50,30
2449,18,60,10
2450,18,60,25
2451,18,30,17
2452,18,30,13.33333333
2453,18,40,12
2454,18,33.33333333,20.5
2455,18,40,16
2456,18,60,7
2457,18,53.33333333,14
2458,18,50,18
2459,18,50,18
2460,18,52.5,13
2461,18,50,7.666666666
2462,18,50,34
2463,18,53.33333333,35.5
2464,18,35,18
2465,18,36.66666666,24.5
2466,18,50,30.5
2467,18,60,40
2468,18,60,24.5
2469,18,36.66666666,13.33333333
2470,18,60,25.5
2471,18,60,20.66666666
2472,18,50,9.5
2473,18,30,11
2474,18,66.66666666,11
2475,18,60,31
2476,18,50,31
2477,18,36.66666666,12.5
2478,18,60,36
2479,18,40,16.66666666
2480,18,50,12
2481,18,30,13.5
2482,18,55,16
2483,18,60,13
2484,18,50,24
2485,18,50,11
2486,18,30,22
2487,18,50,14.33333333
2488,18,40,13
2489,18,60,35
2490,18,45,20
2491,18,43.33333333,14
2492,18,60,13.66666666
2493,18,60,18
2494,18,50,27
2495,18,60,16
2496,18,45,4.5
2497,18,60,16.33333333
2498,18,60,10
2499,17,30,10.5
2500,17,50,16.33333333
2501,17,50,23
2502,17,52.5,27.5
2503,17,50,30
2504,17,46.66666666,10.5
2505,17,42.5,16.33333333
2506,17,60,19.66666666
2507,17,50,16.5
2508,17,43.33333333,7.5
2509,17,43.33333333,10.66666666
2510,17,40,21.5
2511,17,50,35.115
2512,17,50,7.666666666
2513,17,52.5,13
2514,17,55,9
2515,17,53.33333333,15.5
2516,17,60,12.5
2517,17,50,13
2518,17,60,16
2519,17,60,18.5
2520,17,60,21.66666666
2521,17,45,14
2522,17,60,13
2523,17,55,17.33333333
2524,17,60,10
2525,17,40,12.5
2526,17,50,17.5
2527,17,40,12
2528,17,50,30
2529,17,30,11
2530,17,30,12.33333333
2531,17,50,22
2532,17,50,11.5
2533,17,30,22
2534,17,55,22
2535,17,50,22.5
2536,17,45,11.5
2537,17,45,13
2538,17,50,8.666666666
2539,17,50,23.5
2540,17,40,11.5
2541,17,50,22.5
2542,17,50,20
2543,17,50,14.33333333
2544,17,50,10
2545,17,46.66666666,10
2546,17,50,22
2547,17,66.66666666,18.66666666
2548,17,50,28
2549,17,30,8.5
2550,17,46.66666666,10.5
2551,17,56,20
2552,17,30,7.5
2553,17,30,11.93333333
2554,17,60,16.33333333
2555,17,30,8.5
2556,17,60,48
2557,17,60,19.5
2558,17,36.66666666,10.33333333
2559,17,60,9.666666666
2560,17,52.5,14
2561,17,40,12.33333333
2562,17,40,18
2563,17,73.33333333,23
2564,17,30,7.333333333
2565,17,40,17
2566,17,40,23
2567,17,45,19.5
2568,17,45,15
2569,17,37.5,15
2570,17,30,13
2571,17,46.66666666,16
2572,17,60,17
2573,17,36.66666666,30
2574,17,60,26
2575,17,30,13
2576,17,60,25
2577,17,37.5,13.33333333
2578,17,50,19
2579,17,60,17.5
2580,17,50,16
2581,17,40,9
2582,17,50,12.66666666
2583,17,50,9.5
2584,17,47.5,17
2585,16,50,22
2586,16,60,16.33333333
2587,16,60,11
2588,16,60,24.66666666
2589,16,30,17.5
2590,16,56.66666666,22.5
2591,16,40,11.5
2592,16,45,12.33333333
2593,16,30,23
2594,16,43.33333333,10
2595,16,45,17.66666666
2596,16,60,17
2597,16,36.66666666,12
2598,16,52.5,14.5
2599,16,30,16.5
2600,16,60,6
2601,16,52.5,11
2602,16,50,9
2603,16,60,8.666666666
2604,16,50,15.5
2605,16,50,16
2606,16,66.66666666,20.5
2607,16,60,5.5
2608,16,56.66666666,22
2609,16,50,11.66666666
2610,16,60,10
2611,16,60,9.5
2612,16,60,5
2613,16,50,24
2614,16,30,11
2615,16,30,11.33333333
2616,16,32.5,15.5
2617,16,60,18
2618,16,60,7
2619,16,50,13.5
2620,16,33.33333333,10.66666666
2621,16,50,17
2622,16,60,17.5
2623,16,60,30
2624,16,30,12
2625,16,50,17
2626,16,30,15
2627,16,42.5,18.66666666
2628,16,40,14.66666666
2629,16,60,46
2630,16,60,18.33333333
2631,16,50,28
2632,16,40,12
2633,16,36.66666666,14.33333333
2634,16,50,16.5
2635,16,50,24
2636,16,50,18
2637,16,60,22.5
2638,16,50,16.66666666
2639,16,50,10
2640,16,48.88888888,23.33333333
2641,16,30,33
2642,16,50,12.75
2643,16,30,8
2644,16,30,9
2645,16,60,12.5
2646,16,40,14
2647,16,50,11.5
2648,16,60,12.5
2649,16,30,11
2650,16,54,16.5
2651,16,30,18
2652,16,45,11
2653,16,45,13
2654,16,60,23
2655,16,40,7.666666666
2656,16,60,24.5
2657,16,45,30
2658,16,60,13.33333333
2659,16,60,13
2660,16,60,13
2661,16,60,12.66666666
2662,16,66.66666666,23.5
2663,16,60,20.5
2664,16,60,18.33333333
2665,16,60,11.75
2666,16,30,8.333333333
2667,16,60,15.5
2668,16,30,7.5
2669,16,30,25
2670,16,36.66666666,9.333333333
2671,16,60,12
2672,16,60,10
2673,16,30,12
2674,16,50,9.781
2675,16,60,12.5
2676,16,30,5
2677,16,45,14.33333333
2678,16,50,30
2679,16,50,15.25
2680,16,60,15.5
2681,16,60,21.5
2682,15,50,23
2683,15,60,16.33333333
2684,15,60,12
2685,15,30,8
2686,15,50,38
2687,15,40,40
2688,15,36.66666666,8.75
2689,15,46.66666666,16.33333333
2690,15,50,30
2691,15,36.66666666,9
2692,15,30,10
2693,15,50,18
2694,15,50,23.3075
2695,15,50,8
2696,15,52.5,5.5
2697,15,56.66666666,27
2698,15,54,5
2699,15,60,14.33333333
2700,15,30,14
2701,15,50,11
2702,15,50,23.66666666
2703,15,60,21
2704,15,40,14.5
2705,15,50,37
2706,15,60,15
2707,15,60,21.5
2708,15,50,17.5
2709,15,37.5,8
2710,15,60,21
2711,15,53.33333333,18
2712,15,60,11.33333333
2713,15,60,35
2714,15,50,20
2715,15,60,36
2716,15,52.5,20
2717,15,30,20
2718,15,60,13.25
2719,15,30,18
2720,15,30,10.5
2721,15,60,9.666666666
2722,15,60,11
2723,15,53.33333333,10.66666666
2724,15,60,13
2725,15,60,13.5
2726,15,40,10.5
2727,15,40,17.5
2728,15,37.5,15
2729,15,52.5,11.5
2730,15,30,9
2731,15,60,29
2732,15,53.33333333,25.5
2733,15,46.66666666,14.33333333
2734,15,60,12.66666666
2735,15,37.5,14
2736,15,37.5,20
2737,15,40,13
2738,15,30,12.5
2739,15,50,26
2740,15,36.66666666,15.5
2741,15,60,9.666666666
2742,15,56.66666666,30
2743,15,53.33333333,28.25
2744,15,50,11.66666666
2745,15,60,20.5
2746,15,60,19.5
2747,15,60,11
2748,15,50,12
2749,15,50,25
2750,15,46.66666666,22.5
2751,15,35,19
2752,15,30,10.5
2753,15,60,12.5
2754,15,45,16.75
2755,15,50,18.5
2756,15,50,10
2757,15,52.5,14.33333333
2758,15,50,22
2759,15,55,10.5
2760,15,55,11.5
2761,15,60,18.5
2762,15,60,24
2763,15,73.33333333,23
2764,15,50,23
2765,15,40,15
2766,15,50,18.5
2767,15,66.66666666,21.66666666
2768,15,60,19
2769,15,50,15.33333333
2770,15,45,16
2771,15,60,16
2772,15,60,18
2773,15,60,15.5
2774,15,50,11.66666666
2775,15,36.66666666,15
2776,15,36.66666666,8.666666666
2777,15,55,27.5
2778,15,60,23
2779,15,40,8.5
2780,15,45,20
2781,15,60,9
2782,15,60,14.5
2783,15,60,13.66666666
2784,15,50,13.66666666
2785,15,53.33333333,10.33333333
2786,15,60,20
2787,15,40,7.666666666
2788,14,60,21
2789,14,30,8
2790,14,60,12
2791,14,60,27.5
2792,14,60,17
2793,14,30,12.33333333
2794,14,50,13.5
2795,14,47.5,16
2796,14,30,12
2797,14,30,8
2798,14,60,11.5
2799,14,30,29
2800,14,45,18
2801,14,52,24
2802,14,36.66666666,11
2803,14,30,20.5
2804,14,37.5,11
2805,14,30,25
2806,14,60,2
2807,14,60,11
2808,14,40,15
2809,14,50,30
2810,14,50,17
2811,14,60,15.66666666
2812,14,40,6
2813,14,45,18.5
2814,14,43.33333333,7.5
2815,14,45,20
2816,14,60,13
2817,14,56.66666666,20
2818,14,47.5,13.33333333
2819,14,43.33333333,20
2820,14,50,15
2821,14,40,10.33333333
2822,14,30,4
2823,14,50,16.5
2824,14,60,17.5
2825,14,50,11.5
2826,14,45,9
2827,14,60,25.5
2828,14,60,22
2829,14,30,8
2830,14,50,17.5
2831,14,50,18
2832,14,30,8
2833,14,50,22
2834,14,52.5,21
2835,14,30,7
2836,14,53.33333333,15
2837,14,50,30.5
2838,14,60,21
2839,14,50,7.25
2840,14,60,13
2841,14,40,15.5
2842,14,40,14
2843,14,56.66666666,33
2844,14,53.33333333,24.957
2845,14,36.66666666,12
2846,14,30,6
2847,14,50,7.25
2848,14,43.33333333,16.33333333
2849,14,50,24
2850,14,50,19
2851,14,50,36.5
2852,14,50,20
2853,14,50,10
2854,14,50,16.5
2855,14,50,30
2856,14,40,12.5
2857,14,60,19
2858,14,45,23
2859,14,50,20.5
2860,14,50,24
2861,14,30,18.5
2862,14,60,26.5
2863,14,35.71428571,8.5
2864,14,30,8
2865,14,60,17.5
2866,14,60,20
2867,14,60,40
2868,14,30,13
2869,14,60,16
2870,14,60,10.5
2871,14,30,13
2872,14,30,10.66666666
2873,14,50,50
2874,14,40,19
2875,14,60,14.33333333
2876,14,60,14
2877,14,60,25
2878,14,60,20
2879,14,53.33333333,21
2880,14,50,27.5
2881,14,60,18
2882,14,60,18
2883,14,52.5,13
2884,14,48,25
2885,14,48,27.5
2886,14,60,18.5
2887,14,50,23
2888,14,53.33333333,25
2889,14,50,25
2890,14,50,14
2891,14,60,17.5
2892,14,45,17
2893,13,52.5,18.66666666
2894,13,60,10
2895,13,40,13
2896,13,50,15.66666666
2897,13,40,20
2898,13,43.33333333,20
2899,13,46.66666666,15
2900,13,33.33333333,15.5
2901,13,36.66666666,26
2902,13,40,9
2903,13,40,17
2904,13,60,12
2905,13,50,19
2906,13,50,10
2907,13,45,9.666666666
2908,13,30,17
2909,13,50,9
2910,13,30,7.5
2911,13,50,27
2912,13,63.33333333,39
2913,13,63.33333333,39
2914,13,30,9.5
2915,13,60,17
2916,13,42,10
2917,13,50,20
2918,13,30,16
2919,13,37.5,15
2920,13,50,18
2921,13,30,8.666666666
2922,13,30,4
2923,13,50,36
2924,13,40,12
2925,13,60,22.5
2926,13,30,12
2927,13,33.33333333,17.011
2928,13,52.5,18
2929,13,60,20
2930,13,50,18
2931,13,30,8
2932,13,50,12
2933,13,47.5,12.25
2934,13,60,9.75
2935,13,50,12.66666666
2936,13,56.66666666,38
2937,13,50,3
2938,13,50,20
2939,13,38.33333333,20
2940,13,45,33
2941,13,60,20.33333333
2942,13,60,20.66666666
2943,13,47.5,15.5
2944,13,60,17
2945,13,47.5,13.5
2946,13,60,7.666666666
2947,13,50,6.8
2948,13,50,18.33333333
2949,13,60,8
2950,13,60,19
2951,13,50,33
2952,13,57.5,50
2953,13,50,17.5
2954,13,30,13
2955,13,30,6.333333333
2956,13,60,16.5
2957,13,60,20.5
2958,13,36.66666666,15
2959,13,50,19.5
2960,13,30,12
2961,13,50,10.5
2962,13,50,16
2963,13,40,14
2964,13,53.33333333,30
2965,13,46.66666666,14.5
2966,13,30,17
2967,13,45,8
2968,13,33.33333333,19
2969,13,52,13
2970,13,50,21.5
2971,13,50,19.5
2972,13,45,19.33333333
2973,13,50,35
2974,13,60,35
2975,13,50,34
2976,13,36.66666666,15.33333333
2977,13,50,11.5
2978,13,50,15.5
2979,13,52.5,6.75
2980,13,50,29.33333333
2981,13,50,20
2982,13,60,22.5
2983,13,36.66666666,11.5
2984,13,60,21.5
2985,13,37.5,12
2986,12,50,21
2987,12,50,7
2988,12,60,12
2989,12,60,19.66666666
2990,12,50,16.33333333
2991,12,60,19.66666666
2992,12,45,20
2993,12,60,35
2994,12,53.33333333,24
2995,12,40,11
2996,12,30,15
2997,12,30,15
2998,12,40,20
2999,12,50,11.33333333
3000,12,43.33333333,20
3001,12,50,11
3002,12,30,6
3003,12,40,10
3004,12,45,13
3005,12,46.66666666,11.5
3006,12,30,9.75
3007,12,30,19.5
3008,12,45,23
3009,12,50,15
3010,12,50,22.5
3011,12,60,15.5
3012,12,30,11
3013,12,60,9
3014,12,30,13.5
3015,12,40,5
3016,12,60,13
3017,12,60,10
3018,12,60,9
3019,12,30,20
3020,12,60,18
3021,12,50,23
3022,12,30,7.5
3023,12,30,14
3024,12,60,15
3025,12,43.33333333,11.66666666
3026,12,30,11.5
3027,12,40,11.5
3028,12,46.66666666,15
3029,12,60,15
3030,12,60,25
3031,12,50,13.5
3032,12,30,13
3033,12,60,13
3034,12,60,26
3035,12,60,23.5
3036,12,60,12
3037,12,30,11.33333333
3038,12,30,10.66666666
3039,12,35,9.75
3040,12,50,9.666666666
3041,12,60,30
3042,12,60,18
3043,12,50,21.5
3044,12,50,15.5
3045,12,50,15
3046,12,30,7.5
3047,12,50,20
3048,12,30,7
3049,12,37.5,15
3050,12,30,13
3051,12,50,14
3052,12,50,23
3053,12,50,14.5
3054,12,36.66666666,10
3055,12,50,16
3056,12,36.66666666,22
3057,12,53.33333333,23.5
3058,12,50,20.5
3059,12,30,8.333333333
3060,12,50,19
3061,12,52.5,20
3062,12,30,18
3063,12,55,19
3064,12,50,6.333333333
3065,12,50,7
3066,12,65,31.5
3067,12,37.5,12
3068,12,37.5,15.33333333
3069,12,60,31.66666666
3070,12,46.66666666,18
3071,12,60,17.5
3072,12,43.33333333,10.33333333
3073,12,50,17.33333333
3074,12,46.66666666,13.5
3075,12,52.5,12
3076,12,30,11.66666666
3077,12,50,12
3078,12,50,41
3079,12,30,9.5
3080,12,50,10
3081,12,53.33333333,37.5
3082,12,45,7.4
3083,12,50,10
3084,11,50,25
3085,11,60,12
3086,11,50,19
3087,11,60,21
3088,11,50,17.5
3089,11,50,16.66666666
3090,11,36.66666666,30.5
3091,11,50,22.5
3092,11,50,8.5
3093,11,50,20
3094,11,45,19.5
3095,11,60,26.74333333
3096,11,60,23.0575
3097,11,43.33333333,9
3098,11,50,18.5
3099,11,53.33333333,9.5
3100,11,46.66666666,10.5
3101,11,60,10.5
3102,11,30,15.5
3103,11,30,6.666666666
3104,11,52.5,6.333333333
3105,11,60,10
3106,11,45,11.66666666
3107,11,30,25
3108,11,50,14.33333333
3109,11,30,6
3110,11,50,12.5
3111,11,50,16
3112,11,50,7.5
3113,11,30,7.333333333
3114,11,30,6
3115,11,50,18
3116,11,60,18
3117,11,60,15
3118,11,53.33333333,15.66666666
3119,11,56.66666666,8.5
3120,11,33.33333333,13
3121,11,56.66666666,18
3122,11,30,20
3123,11,30,12.5
3124,11,30,19
3125,11,53.33333333,26
3126,11,60,14
3127,11,40,4
3128,11,40,13.33333333
3129,11,40,15.5
3130,11,60,20
3131,11,44,12.5
3132,11,30,10.5
3133,11,46.66666666,17.5
3134,11,60,15.33333333
3135,11,50,18.5
3136,11,40,14
3137,11,60,9.333333333
3138,11,45,11
3139,11,60,15
3140,11,30,9.5
3141,11,60,28.5
3142,11,60,19.5
3143,11,46.66666666,11.66666666
3144,11,40,20.5
3145,11,50,16.33333333
3146,11,50,21
3147,11,45,13
3148,11,60,10.33333333
3149,11,50,40
3150,11,60,24
3151,11,50,20
3152,11,30,8
3153,11,36.66666666,12
3154,11,60,8.333333333
3155,11,30,4.5
3156,11,60,15.66666666
3157,11,60,21.5
3158,11,47.5,28
3159,11,36.66666666,10.5
3160,11,30,15.5
3161,11,30,12
3162,11,60,23.5
3163,11,50,27.5
3164,11,60,45.33333333
3165,11,50,22
3166,11,50,17.5
3167,11,60,24
3168,11,73.33333333,32
3169,11,60,27.25
3170,11,50,23
3171,11,54,19.5
3172,11,43.33333333,14
3173,11,60,18.5
3174,11,46.66666666,22.5
3175,11,50,30
3176,11,40,16
3177,11,30,14.66666666
3178,11,60,11.5
3179,11,60,23.5
3180,11,63.33333333,14
3181,11,60,15
3182,11,36.66666666,16.66666666
3183,11,60,8.5
3184,11,30,9.666666666
3185,11,50,6.5
3186,11,50,25
3187,11,30,13
3188,11,60,23.5
3189,11,50,7.5
3190,11,48,16
3191,11,60,24
3192,11,50,26
3193,11,50,8.666666666
3194,11,50,15
3195,11,60,10.33333333
3196,11,50,11
3197,10,50,8
3198,10,40,17.33333333
3199,10,45,12.33333333
3200,10,60,12
3201,10,60,12
3202,10,50,11.66666666
3203,10,45,18
3204,10,50,27.33333333
3205,10,40,15.5
3206,10,60,14
3207,10,50,32
3208,10,60,14.5
3209,10,46.66666666,12.5
3210,10,56.66666666,18
3211,10,32,33
3212,10,52.5,10.5
3213,10,66.66666666,10.5
3214,10,53.33333333,30
3215,10,30,6
3216,10,50,20
3217,10,30,9
3218,10,33.33333333,9.666666666
3219,10,40,21
3220,10,50,8.333333333
3221,10,40,9
3222,10,30,17
3223,10,50,16
3224,10,30,9
3225,10,50,19.75
3226,10,60,11.5
3227,10,53.33333333,20
3228,10,48,36
3229,10,30,8.5
3230,10,30,3
3231,10,52.5,7
3232,10,50,8
3233,10,40,19.25
3234,10,60,12.5
3235,10,36.66666666,11.66666666
3236,10,30,10.33333333
3237,10,52.5,9
3238,10,50,9.5
3239,10,50,9.666666666
3240,10,37.5,9
3241,10,60,7.333333333
3242,10,30,9.5
3243,10,37.5,15
3244,10,30,10.33333333
3245,10,50,20
3246,10,60,18
3247,10,40,11
3248,10,45,9
3249,10,60,17.33333333
3250,10,50,10
3251,10,56.66666666,13.5
3252,10,60,8.5
3253,10,30,6.333333333
3254,10,30,18.5
3255,10,52.5,20
3256,10,40,10.66666666
3257,10,50,14.5
3258,10,40,11.33333333
3259,10,60,23
3260,10,46.66666666,23
3261,10,60,30.25
3262,10,60,13.5
3263,10,45,13
3264,10,60,15
3265,10,60,19.66666666
3266,10,50,12
3267,10,60,7
3268,10,53.33333333,35
3269,10,60,13
3270,10,62.5,27
3271,10,60,30
3272,10,60,10
3273,10,54,9.333333333
3274,10,30,9
3275,10,50,16.5
3276,10,40,6.666666666
3277,10,60,5.666666666
3278,10,30,9.333333333
3279,10,30,24.5
3280,10,30,11.51666666
3281,10,60,10
3282,10,30,10.2
3283,10,54,10.5
3284,10,60,38
3285,10,45,15
3286,9,60,21.33333333
3287,9,30,10
3288,9,63.33333333,40
3289,9,50,25
3290,9,60,35
3291,9,53.33333333,9.5
3292,9,53.33333333,3
3293,9,60,51
3294,9,50,19
3295,9,50,17.66666666
3296,9,60,11.5
3297,9,30,14.66666666
3298,9,30,10
3299,9,30,8.666666666
3300,9,33.33333333,33
3301,9,30,11.66666666
3302,9,60,8.5
3303,9,50,19
3304,9,36.66666666,8
3305,9,36.66666666,8.333333333
3306,9,40,14.5
3307,9,30,6.5
3308,9,30,8
3309,9,40,7.5
3310,9,30,7
3311,9,60,15
3312,9,30,6
3313,9,50,16.66666666
3314,9,50,21.5
3315,9,50,18
3316,9,50,11
3317,9,60,8.5
3318,9,30,6.666666666
3319,9,50,21
3320,9,50,13
3321,9,45,6
3322,9,60,19
3323,9,55,20
3324,9,30,13.5
3325,9,60,12
3326,9,60,9
3327,9,30,4
3328,9,40,8
3329,9,36.66666666,11.5
3330,9,50,9
3331,9,60,18
3332,9,30,12
3333,9,30,10.66666666
3334,9,50,15
3335,9,50,16
3336,9,50,8
3337,9,30,13
3338,9,50,14
3339,9,50,25.33333333
3340,9,50,14
3341,9,45,6
3342,9,60,26.66666666
3343,9,30,16.33333333
3344,9,50,34
3345,9,30,12
3346,9,50,20.66666666
3347,9,23.33333333,8
3348,9,50,23.33333333
3349,9,50,24
3350,9,60,10.33333333
3351,9,40,15.5
3352,9,56.66666666,17.33333333
3353,9,60,18
3354,9,50,15
3355,9,30,10.5
3356,9,50,5.5
3357,9,60,7
3358,9,50,10.66666666
3359,9,50,13.33333333
3360,9,60,9
3361,9,60,8
3362,9,60,7.5
3363,9,40,20
3364,9,60,18.5
3365,9,60,19
3366,9,60,8.5
3367,9,30,9
3368,9,45,12
3369,9,45,9
3370,9,45,11.66666666
3371,9,52.5,23.66666666
3372,9,40,9
3373,9,50,18.5
3374,9,40,12
3375,9,40,10.66666666
3376,9,60,16
3377,9,60,29.5
3378,9,50,19.5
3379,9,50,17
3380,9,50,16
3381,9,60,18.66666666
3382,9,60,14
3383,9,40,19
3384,9,36.66666666,8.333333333
3385,9,60,12
3386,9,60,8
3387,9,30,13.5
3388,9,50,41
3389,9,50,12
3390,9,60,12.66666666
3391,9,60,14
3392,9,30,12
3393,9,30,10
3394,9,52.5,11
3395,9,40,13.5
3396,9,46.66666666,14
3397,9,48,15
3398,9,50,9
3399,9,30,9.5
3400,9,50,10.5
3401,8,30,9
3402,8,37.5,9
3403,8,50,18.66666666
3404,8,30,13
3405,8,60,23.5
3406,8,52.5,8
3407,8,60,11
3408,8,60,12
3409,8,52.5,12
3410,8,40,8.5
3411,8,46.66666666,19.5
3412,8,30,14
3413,8,60,11
3414,8,50,7
3415,8,36.66666666,11.5
3416,8,56.66666666,24
3417,8,52.5,14.33333333
3418,8,50,25.74333333
3419,8,50,40
3420,8,55,19
3421,8,40,18.5
3422,8,60,8
3423,8,45,11
3424,8,60,17
3425,8,30,6
3426,8,55,20
3427,8,50,20.5
3428,8,30,16.5
3429,8,60,6.333333333
3430,8,40,11.5
3431,8,60,10
3432,8,50,11
3433,8,50,30
3434,8,53.33333333,11
3435,8,55.71428571,21
3436,8,50,23.5
3437,8,60,15
3438,8,48,20
3439,8,48,36
3440,8,60,13
3441,8,50,12
3442,8,50,9.666666666
3443,8,30,22.5
3444,8,50,3.5
3445,8,60,10
3446,8,60,10
3447,8,37.5,5.5
3448,8,30,5
3449,8,50,11.5
3450,8,46.66666666,12
3451,8,40,20
3452,8,50,15.66666666
3453,8,50,9
3454,8,40,9.5
3455,8,30,9
3456,8,60,12
3457,8,50,18
3458,8,40,15
3459,8,45,10.5
3460,8,50,11
3461,8,30,10.5
3462,8,40,11
3463,8,60,36
3464,8,60,31
3465,8,40,14.33333333
3466,8,30,11.5
3467,8,60,16
3468,8,50,9.5
3469,8,50,10
3470,8,40,12.33333333
3471,8,50,17.66666666
3472,8,30,9
3473,8,50,13.5
3474,8,43.33333333,25
3475,8,60,30
3476,8,30,9.351333333
3477,8,30,16.5
3478,8,30,9.333333333
3479,8,30,14.5
3480,8,30,11.33333333
3481,8,30,8.666666666
3482,8,50,10
3483,8,30,8
3484,8,50,8
3485,8,40,15.33333333
3486,8,30,15.33333333
3487,8,60,8.666666666
3488,8,50,10.5
3489,8,40,29
3490,8,50,9
3491,8,60,9.333333333
3492,8,40,17.5
3493,8,48,17
3494,8,30,13
3495,8,60,8
3496,8,60,12
3497,8,50,20
3498,8,60,15
3499,8,50,6
3500,8,60,26
3501,8,50,30
3502,8,50,35
3503,8,60,8
3504,8,60,14.5
3505,8,60,25
3506,8,50,8.25
3507,8,60,22
3508,8,30,8.5
3509,8,30,14.5
3510,8,43.33333333,10
3511,8,30,5.333333333
3512,8,30,15.275
3513,8,30,8
3514,8,60,12
3515,8,60,11
3516,8,30,8.666666666
3517,8,50,7
3518,8,60,15
3519,8,50,16
3520,7,53.33333333,10
3521,7,30,6
3522,7,50,15
3523,7,50,16.5
3524,7,46.66666666,13.5
3525,7,50,11
3526,7,36.66666666,17.5
3527,7,30,15
3528,7,50,19
3529,7,40,13
3530,7,30,21.5
3531,7,60,60
3532,7,50,17.5
3533,7,30,21.5
3534,7,36.66666666,13
3535,7,40,19.5
3536,7,30,12
3537,7,60,10.66666666
3538,7,30,8
3539,7,30,17.5
3540,7,60,19.5
3541,7,60,11
3542,7,30,15
3543,7,60,8.5
3544,7,56,23
3545,7,50,24.5
3546,7,43.33333333,10.5
3547,7,60,34.5
3548,7,50,20.5
3549,7,52.5,15.5
3550,7,50,14.5
3551,7,60,29
3552,7,45,16.66666666
3553,7,30,17
3554,7,40,12
3555,7,30,6.333333333
3556,7,45,14.33333333
3557,7,50,6.5
3558,7,30,7.5
3559,7,30,9
3560,7,40,18.5
3561,7,50,17
3562,7,30,21
3563,7,48,12.66666666
3564,7,30,5.666666666
3565,7,60,7.333333333
3566,7,60,14
3567,7,50,10
3568,7,53.33333333,20
3569,7,53.33333333,13
3570,7,45,10
3571,7,50,7
3572,7,30,12
3573,7,50,5
3574,7,63.33333333,36
3575,7,30,4.5
3576,7,30,11
3577,7,30,14.5
3578,7,43.33333333,22
3579,7,30,5
3580,7,30,12.5
3581,7,40,11
3582,7,40,13
3583,7,30,6
3584,7,30,10.5
3585,7,30,5.666666666
3586,7,40,9.666666666
3587,7,50,16.5
3588,7,50,18
3589,7,60,18.5
3590,7,54,9.666666666
3591,7,50,11
3592,7,30,11
3593,7,40,9.5
3594,7,60,21
3595,7,50,27.5
3596,7,50,24
3597,7,50,23
3598,7,50,9.333333333
3599,7,60,14
3600,7,60,16.33333333
3601,7,45,24.66666666
3602,7,50,25
3603,7,50,7
3604,7,50,20
3605,7,60,19
3606,7,50,16.5
3607,7,50,16
3608,7,50,15.5
3609,7,52.5,40
3610,7,60,35
3611,7,30,7
3612,7,50,8.5
3613,7,30,5.5
3614,7,30,9
3615,7,30,22
3616,7,30,8
3617,7,50,8
3618,7,30,13
3619,7,60,24
3620,7,40,16
3621,7,30,8.333333333
3622,7,40,11.5
3623,7,50,13.5
3624,7,50,12.33333333
3625,7,50,42
3626,7,30,8.5
3627,7,30,13.33333333
3628,7,30,12.5
3629,7,40,13
3630,7,30,11.5
3631,7,30,10
3632,7,30,14.5
3633,7,30,13.5
3634,7,30,18.5
3635,7,50,10.5
3636,7,40,9.333333333
3637,7,60,15
3638,7,50,10.2
3639,7,60,15
3640,7,45,13
3641,7,30,9.5
3642,7,50,25
3643,7,60,9
3644,7,30,10
3645,7,60,9
3646,7,30,11.85
3647,7,40,9
3648,7,30,11.33333333
3649,7,50,15
3650,7,40,21.5
3651,7,60,22
3652,7,60,11.66666666
3653,7,60,18
3654,7,50,18
3655,7,60,15
3656,7,40,8
3657,7,50,25
3658,6,40,11
3659,6,36.66666666,11
3660,6,30,12
3661,6,60,9
3662,6,50,9
3663,6,60,12
3664,6,60,8
3665,6,48,12
3666,6,30,10
3667,6,46.66666666,16.66666666
3668,6,50,60
3669,6,45,9
3670,6,50,10
3671,6,36.66666666,19
3672,6,30,7
3673,6,30,20.5
3674,6,43.33333333,12
3675,6,30,6.666666666
3676,6,30,5
3677,6,60,26.5
3678,6,30,26.41
3679,6,30,10.5
3680,6,30,6.666666666
3681,6,40,9
3682,6,30,5.5
3683,6,30,8
3684,6,50,15
3685,6,50,22.5
3686,6,30,8.5
3687,6,50,38
3688,6,50,11
3689,6,60,18
3690,6,66.66666666,20.5
3691,6,30,6
3692,6,30,8.5
3693,6,30,7
3694,6,50,13.5
3695,6,30,8
3696,6,50,16.5
3697,6,30,2
3698,6,30,15
3699,6,45,20
3700,6,60,9.5
3701,6,40,25
3702,6,40,7.5
3703,6,50,4.5
3704,6,50,6
3705,6,30,4
3706,6,30,5.5
3707,6,30,13
3708,6,60,10.5
3709,6,45,14
3710,6,50,16.5
3711,6,50,13.5
3712,6,53.33333333,25.5
3713,6,30,9
3714,6,60,7.5
3715,6,37.5,8
3716,6,50,10.5
3717,6,30,7.5
3718,6,36,16.66666666
3719,6,30,5
3720,6,30,9
3721,6,33.33333333,16.5
3722,6,36.66666666,21
3723,6,50,19.5
3724,6,40,13
3725,6,50,18.5
3726,6,50,15
3727,6,50,14.5
3728,6,50,7.25
3729,6,60,21
3730,6,60,22
3731,6,30,8
3732,6,50,12.5
3733,6,30,5
3734,6,60,23
3735,6,40,4.666666666
3736,6,40,14
3737,6,60,8
3738,6,40,20
3739,6,30,10
3740,6,30,7.5
3741,6,30,13
3742,6,60,6
3743,6,45,8
3744,6,30,7.5
3745,6,30,9.333333333
3746,6,42,8.333333333
3747,6,45,8
3748,6,30,11.5
3749,6,50,11.5
3750,6,30,10
3751,6,30,8.5
3752,6,50,29
3753,6,37.5,13.33333333
3754,6,45,30
3755,6,30,7.666666666
3756,6,60,17
3757,6,30,14.5
3758,6,50,29
3759,6,50,4
3760,6,50,29
3761,6,50,30
3762,6,50,23
3763,6,50,23
3764,6,60,24
3765,6,60,16.5
3766,6,35,11
3767,6,30,10.33333333
3768,6,60,14
3769,6,50,15.5
3770,6,60,10.5
3771,6,60,30
3772,6,50,15
3773,6,40,12
3774,6,50,10.33333333
3775,6,60,8
3776,6,60,8
3777,6,50,9.5
3778,6,36.66666666,20
3779,6,60,10
3780,6,60,16.5
3781,6,60,19
3782,6,30,5
3783,6,45,8
3784,6,45,8.666666666
3785,6,30,6.333333333
3786,6,53.33333333,27.5
3787,6,30,14
3788,6,60,11
3789,6,60,7
3790,6,30,9.3875
3791,6,60,19.5
3792,6,30,7
3793,6,60,16
3794,6,60,13
3795,6,30,11.926
3796,6,55,17
3797,6,60,12
3798,6,48,14
3799,6,60,14
3800,6,30,15
3801,6,50,17.5
3802,6,60,11.5
3803,6,60,15
3804,6,50,15
3805,6,30,6.5
3806,5,53.33333333,12.66666666
3807,5,40,13.5
3808,5,50,12
3809,5,37.5,11.33333333
3810,5,60,8
3811,5,50,13.5
3812,5,60,15
3813,5,40,20
3814,5,50,11.5
3815,5,46.66666666,11
3816,5,45,10.33333333
3817,5,50,10
3818,5,50,16.5
3819,5,50,7
3820,5,30,10.66666666
3821,5,47.5,12
3822,5,30,15
3823,5,53.33333333,4
3824,5,50,20
3825,5,40,12
3826,5,52.5,7
3827,5,36.66666666,14
3828,5,32,33
3829,5,50,23.3075
3830,5,50,5
3831,5,30,9.333333333
3832,5,50,13
3833,5,60,6.666666666
3834,5,30,14.5
3835,5,60,5.666666666
3836,5,50,7.666666666
3837,5,45,11.5
3838,5,30,9.5
3839,5,30,6.666666666
3840,5,30,8
3841,5,30,10
3842,5,30,7.5
3843,5,52.5,12.33333333
3844,5,50,7
3845,5,50,5.5
3846,5,30,6
3847,5,60,4
3848,5,30,8.5
3849,5,50,19.5
3850,5,30,8.5
3851,5,60,5.25
3852,5,50,7
3853,5,50,13.5
3854,5,50,14
3855,5,50,25
3856,5,33.33333333,13
3857,5,60,12
3858,5,60,10
3859,5,60,10
3860,5,50,15.5
3861,5,50,11.5
3862,5,60,21.5
3863,5,60,30
3864,5,33.33333333,10
3865,5,40,16.835
3866,5,30,7
3867,5,33.33333333,14
3868,5,50,18
3869,5,45,7.5
3870,5,30,12.5
3871,5,30,6
3872,5,30,7
3873,5,30,10
3874,5,60,10.33333333
3875,5,30,7.5
3876,5,50,10.5
3877,5,50,7.5
3878,5,60,21.5
3879,5,50,8
3880,5,50,18
3881,5,60,8
3882,5,60,9
3883,5,30,12.5
3884,5,40,19
3885,5,60,16
3886,5,40,12
3887,5,33.33333333,13
3888,5,50,25.5
3889,5,60,26.5
3890,5,30,9
3891,5,50,23
3892,5,30,7.333333333
3893,5,60,25.5
3894,5,40,6.5
3895,5,30,7
3896,5,52.5,12.66666666
3897,5,30,9
3898,5,50,7
3899,5,50,7
3900,5,30,9.666666666
3901,5,60,8
3902,5,45,7.5
3903,5,30,10
3904,5,30,12.5
3905,5,60,10
3906,5,60,31
3907,5,30,10.33333333
3908,5,30,10
3909,5,30,11
3910,5,50,17.5
3911,5,50,12.5
3912,5,30,14.5
3913,5,50,23
3914,5,36.66666666,23
3915,5,35.71428571,6.5
3916,5,30,10
3917,5,60,13
3918,5,30,12.66666666
3919,5,60,21.66666666
3920,5,60,17.5
3921,5,37.5,9.333333333
3922,5,60,11.66666666
3923,5,50,17
3924,5,50,18
3925,5,60,7
3926,5,37.5,12.5
3927,5,60,25
3928,5,60,15.5
3929,5,46.66666666,21.33333333
3930,5,60,11.5
3931,5,50,17
3932,5,60,15
3933,5,50,18.5
3934,5,60,5.666666666
3935,5,30,8
3936,5,50,35
3937,5,45,35
3938,5,50,8.666666666
3939,5,43.33333333,16
3940,5,48,12
3941,5,45,11.19766666
3942,5,30,34
3943,5,60,9
3944,5,30,8.5
3945,5,30,6.5
3946,5,30,12
3947,5,50,8.5
3948,4,30,7
3949,4,30,12
3950,4,30,6
3951,4,30,11
3952,4,30,17.5
3953,4,50,28
3954,4,36.66666666,12.5
3955,4,30,11
3956,4,30,15
3957,4,60,12
3958,4,36.66666666,13.5
3959,4,30,9.5
3960,4,30,19
3961,4,40,13.5
3962,4,60,11
3963,4,60,13
3964,4,36.66666666,15
3965,4,50,7
3966,4,52.85714285,18
3967,4,38,33
3968,4,50,21.5
3969,4,40,16.5
3970,4,50,23.0575
3971,4,50,29
3972,4,30,5.333333333
3973,4,37.5,10.5
3974,4,45,25.33333333
3975,4,36.66666666,13
3976,4,30,8
3977,4,40,18.5
3978,4,40,6
3979,4,52.5,7
3980,4,30,10
3981,4,50,11.33333333
3982,4,40,7
3983,4,50,13
3984,4,30,11
3985,4,30,9
3986,4,60,12.66666666
3987,4,42.85714285,8
3988,4,50,14.5
3989,4,30,4.666666666
3990,4,30,10.5
3991,4,30,11.5
3992,4,60,9
3993,4,55,20
3994,4,52.5,15.33333333
3995,4,53.33333333,20
3996,4,50,5
3997,4,30,6.5
3998,4,50,25
3999,4,50,22
4000,4,40,4.666666666
4001,4,38,26
4002,4,36.66666666,18
4003,4,40,11.5
4004,4,60,8.333333333
4005,4,30,3.5
4006,4,53.33333333,12
4007,4,30,11
4008,4,30,8
4009,4,60,8.5
4010,4,50,26
4011,4,60,8.5
4012,4,30,9
4013,4,50,20.5
4014,4,40,20
4015,4,40,7
4016,4,50,14.5
4017,4,37.5,6
4018,4,40,17
4019,4,50,44
4020,4,50,25
4021,4,50,10.5
4022,4,30,23
4023,4,50,26.5
4024,4,50,14.5
4025,4,50,11.25
4026,4,40,14
4027,4,40,15
4028,4,30,26
4029,4,30,9
4030,4,30,12.5
4031,4,53.33333333,16.33333333
4032,4,30,11.5
4033,4,30,6.5
4034,4,30,8
4035,4,60,10.5
4036,4,60,11
4037,4,30,5.75
4038,4,50,9.5
4039,4,50,7.333333333
4040,4,30,9
4041,4,40,8.5
4042,4,60,31
4043,4,50,15
4044,4,50,13
4045,4,52.5,34.5
4046,4,40,20
4047,4,50,17
4048,4,30,8
4049,4,30,15
4050,4,40,11
4051,4,40,23
4052,4,60,23
4053,4,46.66666666,9.666666666
4054,4,37.5,8
4055,4,45,7
4056,4,30,7
4057,4,60,12.5
4058,4,60,9
4059,4,50,22.5
4060,4,60,20
4061,4,60,14.5
4062,4,45,7.666666666
4063,4,30,9.5
4064,4,42,17
4065,4,30,9.3725
4066,4,40,7.5
4067,4,50,5
4068,4,30,11.66666666
4069,4,60,14
4070,4,55,40
4071,4,50,13.5
4072,4,30,10
4073,4,46.66666666,20.5
4074,4,38,5.5
4075,4,40,20
4076,4,60,11
4077,4,30,14.5
4078,3,30,11.5
4079,3,40,11.5
4080,3,60,9
4081,3,30,7.333333333
4082,3,30,9
4083,3,60,12
4084,3,30,15
4085,3,36.66666666,13
4086,3,30,20
4087,3,30,15
4088,3,56,26
4089,3,42.5,10.33333333
4090,3,46.66666666,11.5
4091,3,32.5,12.66666666
4092,3,43.33333333,12
4093,3,30,8.5
4094,3,30,8
4095,3,30,8
4096,3,40,33
4097,3,50,19
4098,3,30,18
4099,3,40,20
4100,3,50,22
4101,3,43.33333333,20
4102,3,37.5,7.666666666
4103,3,50,19.5
4104,3,50,5.5
4105,3,50,11
4106,3,50,12
4107,3,50,9
4108,3,30,8
4109,3,30,7.5
4110,3,30,5
4111,3,30,7.5
4112,3,30,9.5
4113,3,60,8.666666666
4114,3,40,10.66666666
4115,3,30,10.33333333
4116,3,45,15
4117,3,30,13
4118,3,40,9
4119,3,40,7.666666666
4120,3,50,15.66666666
4121,3,60,3
4122,3,60,12
4123,3,50,9
4124,3,60,8
4125,3,50,9
4126,3,48,15.5
4127,3,50,8
4128,3,50,15.5
4129,3,30,10.5
4130,3,30,10.5
4131,3,50,30
4132,3,40,8
4133,3,30,17.616
4134,3,60,6
4135,3,50,13
4136,3,46.66666666,12
4137,3,52.5,8
4138,3,30,7.5
4139,3,60,25.5
4140,3,36.66666666,6
4141,3,30,10.5
4142,3,30,7.5
4143,3,50,19
4144,3,30,7.666666666
4145,3,50,9
4146,3,50,16
4147,3,30,12
4148,3,45,20
4149,3,50,20
4150,3,40,13
4151,3,50,10.5
4152,3,60,15
4153,3,30,5
4154,3,30,11
4155,3,60,25
4156,3,60,21
4157,3,60,21.5
4158,3,50,23.5
4159,3,50,23
4160,3,50,35
4161,3,50,22
4162,3,30,15
4163,3,50,20.5
4164,3,30,14.5
4165,3,50,21
4166,3,30,10.33333333
4167,3,30,10
4168,3,50,11
4169,3,60,8.5
4170,3,30,9.333333333
4171,3,50,10.66666666
4172,3,50,19
4173,3,36.66666666,20
4174,3,43.33333333,5
4175,3,50,20
4176,3,30,8.5
4177,3,40,15
4178,3,30,7
4179,3,50,10.5
4180,3,30,8
4181,3,50,6
4182,3,30,9
4183,3,30,12.5
4184,3,60,9.5
4185,3,40,20
4186,3,37.5,21.5
4187,3,40,29
4188,3,60,24
4189,3,40,10
4190,3,60,31
4191,3,30,8.5
4192,3,60,13
4193,3,30,5.333333333
4194,3,50,17
4195,3,30,7.333333333
4196,3,30,20
4197,3,30,5.5
4198,3,50,18
4199,3,60,23
4200,3,45,7
4201,3,30,12
4202,3,50,15
4203,3,60,17.5
4204,3,50,12.5
4205,3,60,11.5
4206,3,50,3.5
4207,3,50,15.5
4208,3,50,7
4209,3,50,9
4210,3,53.33333333,10
4211,3,30,9.5
4212,3,60,8
4213,3,30,10.66666666
4214,3,50,17
4215,3,60,10
4216,3,40,14
4217,3,60,9
4218,3,30,9
4219,3,40,15
4220,2,60,12
4221,2,40,15
4222,2,60,12
4223,2,60,16.66666666
4224,2,50,16
4225,2,30,12.5
4226,2,50,11
4227,2,53.33333333,20.5
4228,2,30,8.5
4229,2,37.5,9
4230,2,33.33333333,21
4231,2,48,10.66666666
4232,2,30,7.333333333
4233,2,50,9.5
4234,2,30,9
4235,2,50,7.5
4236,2,60,7.333333333
4237,2,60,5.333333333
4238,2,30,8.5
4239,2,50,6.5
4240,2,47.5,20.5575
4241,2,60,12
4242,2,43.33333333,15.5
4243,2,50,9.666666666
4244,2,30,12.5
4245,2,53.33333333,22.5
4246,2,50,10
4247,2,30,6
4248,2,30,6.5
4249,2,40,7.5
4250,2,30,13
4251,2,50,9.5
4252,2,50,7
4253,2,50,6
4254,2,50,7
4255,2,50,5.333333333
4256,2,30,7.5
4257,2,30,7
4258,2,30,8.5
4259,2,30,6
4260,2,30,6.333333333
4261,2,40,12
4262,2,30,8
4263,2,30,22.5
4264,2,50,5.666666666
4265,2,40,10
4266,2,60,6.333333333
4267,2,30,8
4268,2,30,2
4269,2,30,11
4270,2,30,22
4271,2,50,8
4272,2,60,15
4273,2,60,20
4274,2,60,17
4275,2,54.28571428,7.5
4276,2,30,12
4277,2,50,7
4278,2,50,4
4279,2,30,6
4280,2,57.5,30
4281,2,50,8
4282,2,30,23.5
4283,2,40,6
4284,2,30,3.666666666
4285,2,60,7
4286,2,30,8
4287,2,60,15.5
4288,2,60,6
4289,2,30,8
4290,2,30,11
4291,2,30,9
4292,2,30,10.5
4293,2,30,7.5
4294,2,30,7
4295,2,30,7.333333333
4296,2,30,5.5
4297,2,30,4.5
4298,2,60,11.33333333
4299,2,60,16.5
4300,2,30,7
4301,2,45,10.5
4302,2,40,10
4303,2,30,11
4304,2,50,10
4305,2,30,12
4306,2,40,24
4307,2,30,24
4308,2,60,28.5
4309,2,50,15.66666666
4310,2,60,19.66666666
4311,2,30,10
4312,2,50,19.5
4313,2,50,27.5
4314,2,30,15.66666666
4315,2,30,12
4316,2,60,20
4317,2,40,18.33333333
4318,2,50,13.5
4319,2,50,8
4320,2,30,8
4321,2,30,5.25
4322,2,36.66666666,10
4323,2,36.66666666,10
4324,2,60,9
4325,2,55,8
4326,2,30,9
4327,2,60,7.5
4328,2,53.33333333,6.5
4329,2,30,6.25
4330,2,40,14
4331,2,30,14
4332,2,50,3.5
4333,2,30,13
4334,2,32.5,6
4335,2,30,6
4336,2,33.33333333,10.5
4337,2,30,20.5
4338,2,60,30.5
4339,2,60,35
4340,2,30,7
4341,2,40,40
4342,2,30,7
4343,2,33.33333333,6
4344,2,50,7
4345,2,37.14285714,10
4346,2,60,10
4347,2,30,8
4348,2,50,7
4349,2,60,13
4350,2,50,15
4351,2,60,9.5
4352,2,30,7.333333333
4353,2,52.5,5.333333333
4354,2,60,8
4355,2,40,15
4356,2,60,9.5
4357,2,40,12
4358,2,50,9.5
4359,2,30,7
4360,2,30,8
4361,2,35.71428571,25
4362,2,30,11.5
4363,2,30,6
4364,2,46.66666666,11
4365,2,30,17
4366,2,50,15
4367,2,30,6.333333333
4368,2,30,13
4369,2,30,13
4370,2,30,10.986
4371,2,30,3
4372,2,50,12.5
4373,1,30,8
4374,1,45,9
4375,1,30,11
4376,1,60,12
4377,1,36.66666666,10.5
4378,1,36.66666666,8.5
4379,1,50,45
4380,1,30,11.5
4381,1,46.66666666,11
4382,1,36.66666666,11
4383,1,30,11
4384,1,43.33333333,8.5
4385,1,30,7
4386,1,50,11
4387,1,43.33333333,14
4388,1,30,11
4389,1,50,10.5
4390,1,60,8.5
4391,1,30,7
4392,1,30,7
4393,1,50,19
4394,1,30,24
4395,1,54,9
4396,1,50,6.5
4397,1,30,12.66666666
4398,1,30,12.5
4399,1,40,8
4400,1,30,8.5
4401,1,30,6
4402,1,50,10
4403,1,30,4.5
4404,1,45,6
4405,1,30,10
4406,1,30,5.75
4407,1,60,20
4408,1,30,7.5
4409,1,30,6
4410,1,30,9
4411,1,50,11
4412,1,50,7
4413,1,60,7.5
4414,1,30,6
4415,1,30,5.5
4416,1,30,6.666666666
4417,1,30,5
4418,1,30,8
4419,1,40,11
4420,1,20,8.5
4421,1,40,8
4422,1,40,7.5
4423,1,30,8
4424,1,30,11.5
4425,1,60,7.333333333
4426,1,50,7
4427,1,60,7
4428,1,50,20
4429,1,30,7.5
4430,1,30,10.5
4431,1,30,11.5
4432,1,40,14
4433,1,40,5
4434,1,50,12.5
4435,1,60,10.5
4436,1,40,10
4437,1,40,10.5
4438,1,30,16
4439,1,50,12
4440,1,40,5
4441,1,50,15.66666666
4442,1,50,20.5
4443,1,30,9.333333333
4444,1,50,14
4445,1,60,22
4446,1,30,12.66666666
4447,1,30,14.33333333
4448,1,30,9.666666666
4449,1,40,13.33333333
4450,1,40,20
4451,1,40,7
4452,1,50,8.5
4453,1,30,8.5
4454,1,30,10
4455,1,60,46
4456,1,50,5
4457,1,30,4
4458,1,53.33333333,19.957
4459,1,50,7.333333333
4460,1,60,8
4461,1,50,9.5
4462,1,30,9
4463,1,30,6
4464,1,26.66666666,9.666666666
4465,1,50,8.5
4466,1,30,20
4467,1,30,17
4468,1,30,19
4469,1,60,12
4470,1,40,20
4471,1,30,14
4472,1,30,10.33333333
4473,1,60,17.5
4474,1,60,16
4475,1,60,8
4476,1,50,8
4477,1,40,8.5
4478,1,30,4
4479,1,50,17
4480,1,50,7
4481,1,30,9.5
4482,1,30,10
4483,1,60,14
4484,1,30,8.5
4485,1,50,7
4486,1,50,10.5
4487,1,30,9.5
4488,1,30,11.5
4489,1,40,26.598
4490,1,30,24.299
4491,1,50,14.5
4492,0,30,7
4493,0,30,6.666666666
4494,0,40,12
4495,0,30,6
4496,0,30,11
4497,0,30,10
4498,0,33.33333333,21
4499,0,30,6.666666666
4500,0,30,6
4501,0,45,9
4502,0,30,8.5
4503,0,30,17.5
4504,0,36.66666666,8
4505,0,60,8.5
4506,0,60,11.5
4507,0,30,8.5
4508,0,50,11
4509,0,30,10
4510,0,40,10.5
4511,0,30,6.5
4512,0,30,5.5
4513,0,40,8
4514,0,50,11
4515,0,50,11
4516,0,30,5.5
4517,0,30,6.5
4518,0,50,9.5
4519,0,60,7.5
4520,0,60,7
4521,0,30,7
4522,0,30,5
4523,0,30,6
4524,0,30,9.5
4525,0,30,21
4526,0,60,8
4527,0,30,7.666666666
4528,0,30,10.5
4529,0,30,6
4530,0,50,10
4531,0,60,9.5
4532,0,30,12.5
4533,0,50,9
4534,0,30,24
4535,0,30,22
4536,0,30,12.66666666
4537,0,30,15.33333333
4538,0,45,6
4539,0,60,8
4540,0,60,23
4541,0,50,15
4542,0,30,6.5
4543,0,30,9.5
4544,0,30,9
4545,0,30,10
4546,0,50,25
4547,0,50,8
4548,0,53.33333333,10
4549,0,60,8
4550,0,50,8.333333333
4551,0,30,3.5
4552,0,60,8
4553,0,30,3
4554,0,30,4.5
4555,0,50,6.5
4556,0,50,7
4557,0,40,5.5
4558,0,30,10.5
4559,0,50,9
4560,0,45,13
4561,0,36.66666666,15.5
4562,0,30,8.5
4563,0,30,37
4564,0,30,11.5
4565,0,40,18
4566,0,30,8
4567,0,46.66666666,9
4568,0,60,6
4569,0,60,5
4570,0,30,7.5
4571,0,30,8
4572,0,40,9
4573,0,30,5.5
4574,0,50,9
4575,0,50,7.5
4576,0,30,5
4577,0,30,8
4578,0,30,7.666666666
4579,0,50,11.5
4580,0,33.33333333,7
